Header ;;;
1985;27;14516;
1985;28;13134;
1985;29;11823;
1985;30;10697;
1985;31;10232;
1985;32;10388;
1985;33;10825;
1985;34;12796;
1985;35;15905;
1985;36;21141;
1985;37;35071;
1985;38;45297;
1985;39;46752;
1985;40;49336;
1985;41;34521;
1985;42;38508;
1985;43;40116;
1985;44;43517;
1985;45;42225;
1985;46;42465;
1985;47;50461;
1985;48;55010;
1985;49;63156;
1985;50;62096;
1985;51;56799;
1985;52;52234;
1986;1;46936;
1986;2;44033;
1986;3;46649;
1986;4;57910;
1986;5;67731;
1986;6;95696;
1986;7;140474;
1986;8;154292;
1986;9;140226;
1986;10;108655;
1986;11;75374;
1986;12;56173;
1986;13;44248;
1986;14;41679;
1986;15;41641;
1986;16;49197;
1986;17;52075;
1986;18;48620;
1986;19;43987;
1986;20;40031;
1986;21;38607;
1986;22;33181;
1986;23;25937;
1986;24;19969;
1986;25;16476;
1986;26;14162;
1986;27;12630;
1986;28;10819;
1986;29;10504;
1986;30;9940;
1986;31;9777;
1986;32;10669;
1986;33;11314;
1986;34;14585;
1986;35;17941;
1986;36;27296;
1986;37;44242;
1986;38;52555;
1986;39;50116;
1986;40;51864;
1986;41;37446;
1986;42;41836;
1986;43;45085;
1986;44;51332;
1986;45;69397;
1986;46;94179;1
1986;47;120573;1
1986;48;116969;1
1986;49;94894;1
1986;50;79805;1
1986;51;69817;1
1986;52;63042;
1987;1;64110;
1987;2;66937;
1987;3;65439;
1987;4;53532;
1987;5;55570;
1987;6;52803;
1987;7;50075;
1987;8;48332;
1987;9;48085;
1987;10;48728;
1987;11;49654;
1987;12;50883;
1987;13;43316;
1987;14;42857;
1987;15;43814;
1987;16;47994;
1987;17;48370;
1987;18;44212;
1987;19;41263;
1987;20;38174;
1987;21;33595;
1987;22;31935;
1987;23;27112;
1987;24;20859;
1987;25;18229;
1987;26;16233;
1987;27;15360;
1987;28;13425;
1987;29;12607;
1987;30;10879;
1987;31;10642;
1987;32;10802;
1987;33;11357;
1987;34;14721;
1987;35;16767;
1987;36;22714;
1987;37;37094;
1987;38;44092;
1987;39;45392;
1987;40;41423;
1987;41;35894;
1987;42;40629;
1987;43;44991;
1987;44;47915;
1987;45;50397;
1987;46;52754;
1987;47;55303;
1987;48;57328;
1987;49;59090;
1987;50;59424;
1987;51;57895;
1987;52;54067;
1988;1;48495;
1988;2;48620;
1988;3;50541;
1988;4;67366;1
1988;5;109302;1
1988;6;166677;1
1988;7;136773;1
1988;8;92878;1
1988;9;72822;1
1988;10;61575;1
1988;11;57643;
1988;12;56302;
1988;13;52824;
1988;14;48831;
1988;15;48750;
1988;16;53301;
1988;17;48532;
1988;18;43049;
1988;19;35758;
1988;20;31918;
1988;21;28729;
1988;22;23391;
1988;23;20891;
1988;24;16743;
1988;25;16989;
1988;26;14461;
1988;27;12005;
1988;28;12980;
1988;29;11633;
1988;30;11960;
1988;31;14295;
1988;32;14973;
1988;33;15047;
1988;34;16297;
1988;35;18599;
1988;36;22514;
1988;37;34014;
1988;38;47052;
1988;39;53178;
1988;40;46129;
1988;41;35494;
1988;42;38284;
1988;43;39392;
1988;44;43540;
1988;45;46073;
1988;46;46299;
1988;47;47238;
1988;48;51905;
1988;49;54955;
1988;50;57778;
1988;51;57415;
1988;52;53790;
1989;1;54127;
1989;2;62828;
1989;3;76395;
1989;4;103178;1
1989;5;110172;1
1989;6;103292;1
1989;7;85851;1
1989;8;71199;1
1989;9;64727;1
1989;10;58495;1
1989;11;57747;
1989;12;57324;
1989;13;52064;
1989;14;45277;
1989;15;46582;
1989;16;43872;
1989;17;42936;
1989;18;36651;
1989;19;28778;
1989;20;25818;
1989;21;24826;
1989;22;22856;
1989;23;19908;
1989;24;16627;
1989;25;14500;
1989;26;12922;
1989;27;9829;
1989;28;8853;
1989;29;7994;
1989;30;8093;
1989;31;7678;
1989;32;8528;
1989;33;8983;
1989;34;10397;
1989;35;12680;
1989;36;17445;
1989;37;27561;
1989;38;43698;
1989;39;46917;
1989;40;39682;
1989;41;43019;
1989;42;42173;
1989;43;42678;
1989;44;39042;
1989;45;40875;
1989;46;39279;
1989;47;38589;
1989;48;43135;
1989;49;50008;
1989;50;51128;
1989;51;60177;
1989;52;68310;
1989;53;76136;
1990;1;84855;1
1990;2;93313;1
1990;3;96043;1
1990;4;94043;1
1990;5;86911;1
1990;6;69322;1
1990;7;58230;1
1990;8;52152;
1990;9;44710;
1990;10;41307;
1990;11;39309;
1990;12;36082;
1990;13;32499;
1990;14;33407;
1990;15;32838;
1990;16;33065;
1990;17;35581;
1990;18;28862;
1990;19;26566;
1990;20;26323;
1990;21;25763;
1990;22;23478;
1990;23;20161;
1990;24;16423;
1990;25;13958;
1990;26;10876;
1990;27;9303;
1990;28;7468;
1990;29;7148;
1990;30;6875;
1990;31;7347;
1990;32;7498;
1990;33;8386;
1990;34;9704;
1990;35;12828;
1990;36;20843;
1990;37;35496;
1990;38;40840;
1990;39;37774;
1990;40;33706;
1990;41;32139;
1990;42;30277;
1990;43;30185;
1990;44;30199;
1990;45;28581;
1990;46;28616;
1990;47;33589;
1990;48;38370;
1990;49;40229;
1990;50;41227;
1990;51;41643;
1990;52;41752;
1991;1;41575;
1991;2;41234;
1991;3;40850;
1991;4;40543;
1991;5;52712;
1991;6;77062;1
1991;7;123126;1
1991;8;155327;1
1991;9;131511;1
1991;10;101761;1
1991;11;73857;1
1991;12;55574;
1991;13;39262;
1991;14;38301;
1991;15;35191;
1991;16;35150;
1991;17;32496;
1991;18;24825;
1991;19;20511;
1991;20;18596;
1991;21;18118;
1991;22;16356;
1991;23;14940;
1991;24;11476;
1991;25;11843;
1991;26;9472;
1991;27;8510;
1991;28;7094;
1991;29;6556;
1991;30;6462;
1991;31;6104;
1991;32;6611;
1991;33;7975;
1991;34;8781;
1991;35;10672;
1991;36;15954;
1991;37;28374;
1991;38;35839;
1991;39;36061;
1991;40;31561;
1991;41;26168;
1991;42;30203;
1991;43;23738;
1991;44;36280;
1991;45;37323;
1991;46;34856;
1991;47;36866;
1991;48;37867;
1991;49;40296;
1991;50;46412;
1991;51;54924;1
1991;52;66037;1
1992;1;65126;1
1992;2;58286;1
1992;3;51612;1
1992;4;51197;1
1992;5;46154;
1992;6;42126;
1992;7;37562;
1992;8;34748;
1992;9;32277;
1992;10;30854;
1992;11;29601;
1992;12;27635;
1992;13;23171;
1992;14;23859;
1992;15;24168;
1992;16;25603;
1992;17;27216;
1992;18;22165;
1992;19;17225;
1992;20;13958;
1992;21;13921;
1992;22;11177;
1992;23;9488;
1992;24;7203;
1992;25;6729;
1992;26;6299;
1992;27;5272;
1992;28;5189;
1992;29;4458;
1992;30;3993;
1992;31;4191;
1992;32;4485;
1992;33;4610;
1992;34;5427;
1992;35;7122;
1992;36;9186;
1992;37;17648;
1992;38;23597;
1992;39;26928;
1992;40;25756;
1992;41;29126;
1992;42;31767;
1992;43;30977;
1992;44;31391;
1992;45;29285;
1992;46;27019;
1992;47;32335;
1992;48;34886;
1992;49;38994;
1992;50;38986;
1992;51;35624;
1992;52;29665;
1993;1;29238;
1993;2;33592;
1993;3;41975;1
1993;4;53633;1
1993;5;64376;1
1993;6;64234;1
1993;7;55542;1
1993;8;38281;
1993;9;41091;
1993;10;35313;
1993;11;34452;
1993;12;33743;
1993;13;28421;
1993;14;26269;
1993;15;27870;
1993;16;31211;
1993;17;33759;
1993;18;29174;
1993;19;22944;
1993;20;17636;
1993;21;15814;
1993;22;13913;
1993;23;12271;
1993;24;10695;
1993;25;9789;
1993;26;9449;
1993;27;8270;
1993;28;7068;
1993;29;5881;
1993;30;4540;
1993;31;4576;
1993;32;4543;
1993;33;4769;
1993;34;5462;
1993;35;6739;
1993;36;9435;
1993;37;17732;
1993;38;28528;
1993;39;29960;
1993;40;27983;
1993;41;26534;
1993;42;25163;
1993;43;25309;
1993;44;25384;
1993;45;26102;
1993;46;27779;
1993;47;30727;
1993;48;35215;
1993;49;37848;
1993;50;34897;
1993;51;29964;
1993;52;26649;
1994;1;24291;
1994;2;23848;
1994;3;26275;
1994;4;32528;
1994;5;39948;
1994;6;43923;
1994;7;51966;1
1994;8;57226;1
1994;9;54484;1
1994;10;42395;1
1994;11;34005;
1994;12;27474;
1994;13;20959;
1994;14;19144;
1994;15;18377;
1994;16;19647;
1994;17;20538;
1994;18;19577;
1994;19;13002;
1994;20;13688;
1994;21;15273;
1994;22;13977;
1994;23;12640;
1994;24;10131;
1994;25;7533;
1994;26;7669;
1994;27;6208;
1994;28;5393;
1994;29;4150;
1994;30;4003;
1994;31;3776;
1994;32;3619;
1994;33;4230;
1994;34;4970;
1994;35;5728;
1994;36;7399;
1994;37;12729;
1994;38;18947;
1994;39;21293;
1994;40;18813;
1994;41;20586;
1994;42;20337;
1994;43;21350;
1994;44;19936;
1994;45;18581;
1994;46;20123;
1994;47;23130;
1994;48;26167;
1994;49;26183;
1994;50;26342;
1994;51;26526;
1994;52;24621;
1995;1;21129;
1995;2;18009;
1995;3;17220;
1995;4;20719;
1995;5;23120;
1995;6;25918;
1995;7;29702;
1995;8;34974;
1995;9;41095;
1995;10;44534;
1995;11;50604;1
1995;12;56144;1
1995;13;57993;1
1995;14;47494;1
1995;15;38828;1
1995;16;33466;
1995;17;26042;
1995;18;20481;
1995;19;14704;
1995;20;14147;
1995;21;14753;
1995;22;12463;
1995;23;12234;
1995;24;8087;
1995;25;5689;
1995;26;5990;
1995;27;5259;
1995;28;4774;
1995;29;4652;
1995;30;4411;
1995;31;3752;
1995;32;3979;
1995;33;3945;
1995;34;4092;
1995;35;4554;
1995;36;5313;
1995;37;7850;
1995;38;14611;
1995;39;21506;
1995;40;22001;
1995;41;23435;
1995;42;23555;
1995;43;24833;
1995;44;23831;
1995;45;25383;
1995;46;25471;
1995;47;25185;
1995;48;25612;
1995;49;27826;1
1995;50;38203;1
1995;51;64060;1
1995;52;88940;1
1995;53;96381;
1996;1;80419;1
1996;2;54104;1
1996;3;30481;1
1996;4;22598;
1996;5;21718;
1996;6;23959;
1996;7;24612;
1996;8;24397;
1996;9;22198;
1996;10;21086;
1996;11;20198;
1996;12;18670;
1996;13;14894;
1996;14;17648;
1996;15;17370;
1996;16;17122;
1996;17;17816;
1996;18;15163;
1996;19;12967;
1996;20;11557;
1996;21;11260;
1996;22;9300;
1996;23;7965;
1996;24;5858;
1996;25;6374;
1996;26;5494;
1996;27;4027;
1996;28;4216;
1996;29;4005;
1996;30;3773;
1996;31;3751;
1996;32;3645;
1996;33;3623;
1996;34;3831;
1996;35;4373;
1996;36;6581;
1996;37;11336;
1996;38;19273;
1996;39;22109;
1996;40;23175;
1996;41;21986;
1996;42;22149;
1996;43;23958;
1996;44;24625;
1996;45;24158;
1996;46;23567;
1996;47;23857;
1996;48;26384;
1996;49;27100;
1996;50;25967;
1996;51;24117;
1996;52;22680;
1997;1;19931;
1997;2;21694;
1997;3;33788;
1997;4;62035;1
1997;5;79966;1
1997;6;69729;1
1997;7;50594;1
1997;8;38191;
1997;9;29451;
1997;10;23118;
1997;11;20015;
1997;12;20962;
1997;13;18526;
1997;14;19171;
1997;15;19576;
1997;16;21872;
1997;17;21416;
1997;18;18964;
1997;19;16210;
1997;20;13917;
1997;21;12846;
1997;22;11497;
1997;23;10082;
1997;24;7220;
1997;25;7289;
1997;26;6073;
1997;27;4738;
1997;28;3903;
1997;29;3966;
1997;30;3823;
1997;31;3635;
1997;32;3723;
1997;33;4175;
1997;34;4742;
1997;35;5823;
1997;36;8580;
1997;37;17227;
1997;38;23901;
1997;39;25658;
1997;40;25556;
1997;41;24566;
1997;42;24811;
1997;43;26192;
1997;44;25524;
1997;45;24665;
1997;46;24056;
1997;47;24133;
1997;48;25437;
1997;49;27106;
1997;50;28517;
1997;51;27983;
1997;52;23817;
1998;1;20295;
1998;2;17857;
1998;3;16943;
1998;4;17992;
1998;5;21305;
1998;6;27926;
1998;7;38217;
1998;8;49661;1
1998;9;52572;1
1998;10;50107;1
1998;11;45418;1
1998;12;45693;1
1998;13;37192;
1998;14;32707;
1998;15;29783;
1998;16;28207;
1998;17;24356;
1998;18;18569;
1998;19;13725;
1998;20;10915;
1998;21;11230;
1998;22;11110;
1998;23;8785;
1998;24;7082;
1998;25;6224;
1998;26;5969;
1998;27;4966;
1998;28;4093;
1998;29;3779;
1998;30;3949;
1998;31;4033;
1998;32;3924;
1998;33;4283;
1998;34;4871;
1998;35;5794;
1998;36;7588;
1998;37;12923;
1998;38;18388;
1998;39;21363;
1998;40;24079;
1998;41;27824;
1998;42;29640;
1998;43;28995;
1998;44;27340;
1998;45;23853;
1998;46;22408;
1998;47;26877;
1998;48;28913;
1998;49;32377;
1998;50;32247;
1998;51;29978;
1998;52;27021;
1999;1;22970;
1999;2;21263;
1999;3;25340;
1999;4;38638;1
1999;5;53674;1
1999;6;84513;1
1999;7;104529;1
1999;8;86797;1
1999;9;63147;1
1999;10;40445;
1999;11;29421;
1999;12;24337;
1999;13;19453;
1999;14;17736;
1999;15;18762;
1999;16;20057;
1999;17;19739;
1999;18;18476;
1999;19;16341;
1999;20;14719;
1999;21;14993;
1999;22;13793;
1999;23;10713;
1999;24;7851;
1999;25;5904;
1999;26;5567;
1999;27;4749;
1999;28;4271;
1999;29;4119;
1999;30;4438;
1999;31;4516;
1999;32;4410;
1999;33;4502;
1999;34;5286;
1999;35;5763;
1999;36;7350;
1999;37;10825;
1999;38;17367;
1999;39;20830;
1999;40;22877;
1999;41;22125;
1999;42;22727;
1999;43;24447;
1999;44;23760;
1999;45;20106;
1999;46;18079;
1999;47;22273;
1999;48;24601;
1999;49;26189;
1999;50;27157;
1999;51;23246;
1999;52;23618;
2000;1;21622;
2000;2;19881;
2000;3;21019;
2000;4;27657;
2000;5;36941;
2000;6;51143;1
2000;7;63058;1
2000;8;58856;1
2000;9;53160;1
2000;10;44254;
2000;11;36905;
2000;12;30345;
2000;13;23803;
2000;14;20691;
2000;15;19438;
2000;16;20500;
2000;17;20608;
2000;18;18714;
2000;19;14958;
2000;20;14208;
2000;21;14248;
2000;22;12857;
2000;23;11113;
2000;24;9621;
2000;25;7693;
2000;26;7690;
2000;27;7220;
2000;28;6101;
2000;29;5453;
2000;30;5362;
2000;31;5395;
2000;32;5446;
2000;33;5285;
2000;34;6049;
2000;35;6730;
2000;36;7382;
2000;37;9623;
2000;38;15833;
2000;39;21301;
2000;40;24219;
2000;41;24505;
2000;42;26871;
2000;43;27470;
2000;44;27980;
2000;45;28112;
2000;46;24831;
2000;47;21994;
2000;48;23458;
2000;49;25561;
2000;50;29146;
2000;51;27262;
2000;52;23575;
2000;53;21750;
2001;1;21036;
2001;2;22031;
2001;3;25331;
2001;4;31533;
2001;5;34575;
2001;6;39538;
2001;7;38044;
2001;8;35089;
2001;9;29984;
2001;10;25069;
2001;11;22073;
2001;12;22725;
2001;13;19327;
2001;14;20562;
2001;15;20808;
2001;16;24106;
2001;17;26169;
2001;18;21128;
2001;19;17811;
2001;20;15871;
2001;21;14961;
2001;22;13671;
2001;23;12374;
2001;24;7677;
2001;25;8195;
2001;26;6720;
2001;27;5262;
2001;28;4820;
2001;29;4626;
2001;30;4742;
2001;31;4862;
2001;32;5027;
2001;33;5663;
2001;34;5817;
2001;35;6469;
2001;36;8120;
2001;37;12798;
2001;38;16404;
2001;39;18813;
2001;40;21111;
2001;41;20135;
2001;42;20883;
2001;43;22471;
2001;44;21273;
2001;45;20229;
2001;46;19902;
2001;47;20855;
2001;48;23403;
2001;49;25792;
2001;50;26933;
2001;51;27137;
2001;52;26715;
2002;1;24181;
2002;2;21541;
2002;3;20800;
2002;4;23961;
2002;5;28286;
2002;6;36559;
2002;7;38817;
2002;8;40145;
2002;9;36836;
2002;10;35075;
2002;11;33390;
2002;12;30309;
2002;13;23359;
2002;14;21991;
2002;15;21101;
2002;16;20621;
2002;17;22400;
2002;18;16465;
2002;19;14685;
2002;20;13809;
2002;21;10586;
2002;22;9808;
2002;23;8929;
2002;24;6805;
2002;25;6852;
2002;26;6378;
2002;27;5365;
2002;28;4724;
2002;29;4442;
2002;30;5029;
2002;31;4658;
2002;32;4821;
2002;33;5088;
2002;34;5713;
2002;35;6180;
2002;36;7670;
2002;37;11676;
2002;38;17063;
2002;39;20212;
2002;40;21480;
2002;41;21568;
2002;42;22941;
2002;43;24459;
2002;44;25194;
2002;45;23425;
2002;46;22761;
2002;47;26810;
2002;48;29127;
2002;49;32235;
2002;50;33951;
2002;51;34270;
2002;52;33182;
2003;1;28664;
2003;2;23242;
2003;3;19438;
2003;4;19776;
2003;5;21107;
2003;6;25492;
2003;7;34122;1
2003;8;41706;1
2003;9;40131;1
2003;10;36946;1
2003;11;32481;
2003;12;31000;
2003;13;25079;
2003;14;21620;
2003;15;20433;
2003;16;19960;
2003;17;18633;
2003;18;16277;
2003;19;15028;
2003;20;14021;
2003;21;12391;
2003;22;9931;
2003;23;9127;
2003;24;5968;
2003;25;8304;
2003;26;6021;
2003;27;6093;
2003;28;5516;
2003;29;5267;
2003;30;4868;
2003;31;4681;
2003;32;4994;
2003;33;5572;
2003;34;6195;
2003;35;7166;
2003;36;9518;
2003;37;14265;
2003;38;18781;
2003;39;22337;
2003;40;22002;
2003;41;22085;
2003;42;21871;
2003;43;23002;
2003;44;22684;
2003;45;21176;
2003;46;21049;
2003;47;24872;
2003;48;40703;1
2003;49;60278;1
2003;50;63582;1
2003;51;54154;1
2003;52;35531;1
2004;1;24654;
2004;2;19664;
2004;3;18697;
2004;4;19892;
2004;5;20749;
2004;6;20511;
2004;7;21046;
2004;8;21179;
2004;9;20346;
2004;10;18872;
2004;11;19209;
2004;12;19544;
2004;13;18059;
2004;14;16205;
2004;15;16431;
2004;16;17150;
2004;17;16704;
2004;18;15798;
2004;19;13395;
2004;20;11460;
2004;21;11958;
2004;22;11235;
2004;23;9914;
2004;24;9454;
2004;25;7736;
2004;26;7496;
2004;27;6577;
2004;28;5597;
2004;29;5081;
2004;30;4967;
2004;31;4879;
2004;32;5180;
2004;33;5509;
2004;34;6057;
2004;35;6725;
2004;36;7466;
2004;37;11712;
2004;38;16500;
2004;39;21044;
2004;40;22914;
2004;41;25422;
2004;42;29118;
2004;43;29441;
2004;44;29513;
2004;45;24427;
2004;46;20401;
2004;47;23649;
2004;48;24931;
2004;49;25182;
2004;50;26375;
2004;51;22563;
2004;52;24204;
2005;1;23569;
2005;2;21724;
2005;3;19733;
2005;4;18661;
2005;5;20376;
2005;6;23120;
2005;7;25051;
2005;8;27672;
2005;9;33703;
2005;10;35464;
2005;11;35397;
2005;12;34056;
2005;13;31993;
2005;14;31677;
2005;15;28078;
2005;16;27373;
2005;17;24670;
2005;18;24956;
2005;19;20308;
2005;20;17827;
2005;21;16111;
2005;22;13758;
2005;23;12733;
2005;24;9794;
2005;25;8152;
2005;26;8244;
2005;27;7441;
2005;28;6036;
2005;29;5382;
2005;30;5354;
2005;31;5050;
2005;32;5193;
2005;33;5257;
2005;34;5785;
2005;35;6735;
2005;36;8012;
2005;37;10628;
2005;38;14582;
2005;39;19903;
2005;40;20716;
2005;41;24116;
2005;42;23838;
2005;43;26293;
2005;44;26423;
2005;45;24305;
2005;46;21428;
2005;47;19277;
2005;48;22649;
2005;49;22472;
2005;50;23395;
2005;51;23428;
2005;52;21856;
2006;1;21124;
2006;2;20711;
2006;3;20093;
2006;4;18746;
2006;5;20222;
2006;6;21776;
2006;7;22850;
2006;8;24669;
2006;9;29310;
2006;10;33243;
2006;11;40096;
2006;12;48233;1
2006;13;56015;1
2006;14;49280;1
2006;15;41817;1
2006;16;30223;
2006;17;24658;
2006;18;20872;
2006;19;18999;
2006;20;17506;
2006;21;16161;
2006;22;14730;
2006;23;13926;
2006;24;12596;
2006;25;9404;
2006;26;9147;
2006;27;7728;
2006;28;6475;
2006;29;5629;
2006;30;5802;
2006;31;5633;
2006;32;5664;
2006;33;5760;
2006;34;5985;
2006;35;6554;
2006;36;7724;
2006;37;10552;
2006;38;16985;
2006;39;22756;
2006;40;25412;
2006;41;25423;
2006;42;25553;
2006;43;26981;
2006;44;27068;
2006;45;24593;
2006;46;23084;
2006;47;22972;
2006;48;24686;
2006;49;26031;
2006;50;25224;
2006;51;25579;
2006;52;24814;
2006;53;20645;
2007;1;18980;
2007;2;21994;
2007;3;21247;
2007;4;24217;
2007;5;29231;
2007;6;31451;
2007;7;34166;
2007;8;41307;
2007;9;44381;1
2007;10;45777;1
2007;11;43131;1
2007;12;34075;
2007;13;28623;
2007;14;24953;
2007;15;23440;
2007;16;22907;
2007;17;25986;
2007;18;21863;
2007;19;19205;
2007;20;17427;
2007;21;15942;
2007;22;13608;
2007;23;13196;
2007;24;6965;
2007;25;9453;
2007;26;8867;
2007;27;7467;
2007;28;7157;
2007;29;7187;
2007;30;6374;
2007;31;6983;
2007;32;6741;
2007;33;7382;
2007;34;8264;
2007;35;9130;
2007;36;11025;
2007;37;19339;
2007;38;24723;
2007;39;25552;
2007;40;24749;
2007;41;24927;
2007;42;25201;
2007;43;26756;
2007;44;26892;
2007;45;25354;
2007;46;24342;
2007;47;26053;
2007;48;27017;
2007;49;28388;
2007;50;28817;
2007;51;27566;
2007;52;26255;
2008;1;24507;
2008;2;23431;
2008;3;24133;
2008;4;27720;
2008;5;33033;
2008;6;39895;1
2008;7;41029;1
2008;8;43346;1
2008;9;36114;1
2008;10;41654;1
2008;11;29881;
2008;12;34063;
2008;13;31513;
2008;14;30132;
2008;15;28515;
2008;16;30838;
2008;17;28193;
2008;18;22962;
2008;19;19091;
2008;20;16949;
2008;21;16905;
2008;22;14663;
2008;23;14021;
2008;24;8337;
2008;25;9362;
2008;26;8559;
2008;27;7551;
2008;28;6591;
2008;29;5994;
2008;30;5978;
2008;31;5839;
2008;32;5751;
2008;33;6122;
2008;34;7453;
2008;35;8350;
2008;36;10317;
2008;37;17597;
2008;38;23385;
2008;39;25756;
2008;40;27505;
2008;41;28325;
2008;42;27971;
2008;43;27962;
2008;44;31559;
2008;45;28624;
2008;46;24871;
2008;47;26014;
2008;48;27003;
2008;49;29655;
2008;50;30278;
2008;51;29308;
2008;52;27707;
2009;1;25104;
2009;2;22786;
2009;3;22043;
2009;4;24160;
2009;5;25654;
2009;6;30282;
2009;7;34657;
2009;8;39969;
2009;9;45223;1
2009;10;47759;1
2009;11;44916;1
2009;12;47161;1
2009;13;39269;1
2009;14;36169;1
2009;15;30696;
2009;16;31613;
2009;17;31635;
2009;18;30521;
2009;19;26867;
2009;20;19269;
2009;21;18821;
2009;22;17690;
2009;23;14945;
2009;24;10874;
2009;25;11820;
2009;26;9901;
2009;27;9194;
2009;28;8315;
2009;29;8918;
2009;30;8121;
2009;31;8045;
2009;32;7643;
2009;33;8069;
2009;34;8984;
2009;35;9818;
2009;36;12081;
2009;37;16629;
2009;38;24755;
2009;39;28848;
2009;40;29732;
2009;41;31487;
2009;42;32513;
2009;43;34514;
2009;44;38650;1
2009;45;43601;1
2009;46;52948;1
2009;47;70272;1
2009;48;61144;1
2009;49;47447;1
2009;50;38142;1
2009;51;32512;
2009;52;29837;
2010;1;26604;
2010;2;24307;
2010;3;24437;
2010;4;28485;
2010;5;33005;
2010;6;37207;
2010;7;37185;
2010;8;35313;
2010;9;33049;
2010;10;30263;
2010;11;30216;
2010;12;30120;
2010;13;27186;
2010;14;26375;
2010;15;25305;
2010;16;26883;
2010;17;27919;
2010;18;27188;
2010;19;22618;
2010;20;18272;
2010;21;18211;
2010;22;16591;
2010;23;14977;
2010;24;13441;
2010;25;10517;
2010;26;11908;
2010;27;10017;
2010;28;8750;
2010;29;7885;
2010;30;8669;
2010;31;8408;
2010;32;9568;
2010;33;10066;
2010;34;11495;
2010;35;12160;
2010;36;15347;
2010;37;22827;
2010;38;30625;
2010;39;31989;
2010;40;32211;
2010;41;30239;
2010;42;32392;
2010;43;31618;
2010;44;30348;
2010;45;31004;
2010;46;30926;
2010;47;27449;
2010;48;31468;
2010;49;34828;
2010;50;35640;
2010;51;34858;
2010;52;33435;
2011;1;30862;
2011;2;29038;
2011;3;29858;
2011;4;35219;1
2011;5;50557;1
2011;6;69587;1
2011;7;66911;1
2011;8;57549;1
2011;9;53091;
2011;10;45830;
2011;11;38994;
2011;12;33212;
2011;13;29108;
2011;14;27650;
2011;15;26381;
2011;16;27717;
2011;17;27323;
2011;18;25544;
2011;19;22263;
2011;20;21430;
2011;21;20546;
2011;22;17107;
2011;23;16602;
2011;24;13925;
2011;25;11234;
2011;26;11305;
2011;27;10621;
2011;28;8907;
2011;29;8140;
2011;30;7826;
2011;31;7853;
2011;32;8951;
2011;33;9890;
2011;34;10773;
2011;35;12185;
2011;36;14083;
2011;37;21322;
2011;38;29435;
2011;39;32424;
2011;40;31860;
2011;41;31765;
2011;42;31108;
2011;43;32590;
2011;44;32217;
2011;45;30655;
2011;46;30060;
2011;47;30825;
2011;48;33340;
2011;49;34850;
2011;50;34196;
2011;51;34888;
2011;52;32420;
2012;1;30155;
2012;2;28441;
2012;3;27626;
2012;4;28058;
2012;5;32071;
2012;6;37869;
2012;7;40712;
2012;8;42764;
2012;9;43882;
2012;10;42098;
2012;11;40070;
2012;12;38952;
2012;13;39893;
2012;14;37485;
2012;15;37295;
2012;16;38031;
2012;17;39223;
2012;18;41942;
2012;19;30939;
2012;20;25583;
2012;21;23298;
2012;22;21508;
2012;23;20237;
2012;24;20218;
2012;25;11574;
2012;26;14306;
2012;27;13283;
2012;28;11505;
2012;29;10822;
2012;30;9895;
2012;31;10176;
2012;32;11240;
2012;33;11332;
2012;34;11866;
2012;35;13460;
2012;36;14860;
2012;37;18190;
2012;38;28264;
2012;39;33019;
2012;40;35047;
2012;41;35706;
2012;42;37530;
2012;43;39178;
2012;44;39194;
2012;45;37983;
2012;46;35597;
2012;47;33821;
2012;48;34435;
2012;49;35023;
2012;50;36742;
2012;51;38057;
2012;52;38023;
2012;53;36642;
2013;1;35154;
2013;2;34323;
2013;3;34914;
2013;4;37690;
2013;5;44841;
2013;6;55074;1
2013;7;59149;1
2013;8;64108;1
2013;9;62741;1
2013;10;58625;1
2013;11;53144;1
2013;12;47678;1
2013;13;43440;
2013;14;41522;
2013;15;39764;
2013;16;36935;
2013;17;32715;
2013;18;25557;
2013;19;22480;
2013;20;21191;
2013;21;19394;
2013;22;18487;
2013;23;16096;
2013;24;13497;
2013;25;14267;
2013;26;12998;
2013;27;11695;
2013;28;11403;
2013;29;11575;
2013;30;11334;
2013;31;11499;
2013;32;10917;
2013;33;11575;
2013;34;12228;
2013;35;14122;
2013;36;17166;
2013;37;25832;
2013;38;31765;
2013;39;34461;
2013;40;35318;
2013;41;33320;
2013;42;32593;
2013;43;32888;
2013;44;32353;
2013;45;30220;
2013;46;29332;
2013;47;32529;
2013;48;33887;
2013;49;35811;
2013;50;37324;
2013;51;36482;
2013;52;31341;
2014;1;29172;
2014;2;29228;
2014;3;30762;
2014;4;33026;
2014;5;36144;
2014;6;40621;
2014;7;41925;
2014;8;43777;
2014;9;43383;
2014;10;43060;
2014;11;40041;
2014;12;41992;
2014;13;38065;
2014;14;36543;
2014;15;35404;
2014;16;35860;
2014;17;33288;
2014;18;29845;
2014;19;27762;
2014;20;26040;
2014;21;23677;
2014;22;20846;
2014;23;18411;
2014;24;12075;
2014;25;16262;
2014;26;15807;
2014;27;14867;
2014;28;13758;
2014;29;13056;
2014;30;12293;
2014;31;11960;
2014;32;11653;
2014;33;12821;
2014;34;13197;
2014;35;16140;
2014;36;20061;
2014;37;30123;
2014;38;37590;
2014;39;40233;
2014;40;41353;
2014;41;39254;
2014;42;39170;
2014;43;40015;
2014;44;39175;
2014;45;36561;
2014;46;34974;
2014;47;37214;
2014;48;38825;
2014;49;39517;
2014;50;39767;
2014;51;38305;
2014;52;34493;
2015;1;33681;
2015;2;34714;
2015;3;36432;
2015;4;37678;
2015;5;46231;1
2015;6;55501;1
2015;7;58736;1
2015;8;61596;1
2015;9;58665;1
2015;10;50582;1
2015;11;37986;
2015;12;40675;
2015;13;37913;
2015;14;37381;
2015;15;34596;
2015;16;34668;
2015;17;32632;
2015;18;28432;
2015;19;23902;
2015;20;20874;
2015;21;22961;
2015;22;21582;
2015;23;20200;
2015;24;16033;
2015;25;16798;
2015;26;15959;
2015;27;14912;
2015;28;12745;
2015;29;12145;
2015;30;12317;
2015;31;12291;
2015;32;11887;
2015;33;12599;
2015;34;13616;
2015;35;14699;
2015;36;17872;
2015;37;26357;
2015;38;36473;
2015;39;39916;
2015;40;40497;
2015;41;40141;
2015;42;41866;
2015;43;40944;
2015;44;39998;
2015;45;36749;
2015;46;34368;
2015;47;36021;
2015;48;37753;
2015;49;39445;
2015;50;39965;
2015;51;38296;
2015;52;37342;
2016;1;34836;
2016;2;35332;
2016;3;43382;1
2016;4;63538;1
2016;5;97302;1
2016;6;85168;1
2016;7;57821;1
2016;8;51464;1
2016;9;47083;
2016;10;41112;
2016;11;39999;
2016;12;40877;
