cld_year;week_number;wd_total;wda_total;qty_total
1985;27;14516;;4867200
1985;28;13134;;4867200
1985;29;11823;;4867200
1985;30;10697;;4867200
1985;31;10232;;4867200
1985;32;10388;;4867200
1985;33;10825;;4867200
1985;34;12796;;4867200
1985;35;15905;;4867200
1985;36;21141;;4867200
1985;37;35071;;4867200
1985;38;45297;;4867200
1985;39;46752;;4867200
1985;40;49336;;4867200
1985;41;34521;;4867200
1985;42;38508;;4867200
1985;43;40116;;4867200
1985;44;43517;;4867200
1985;45;31907;;4867200
1985;46;42465;;4867200
1985;47;50461;;4867200
1985;48;55010;;4867200
1985;49;63156;;4867200
1985;50;61761;;4867200
1985;51;56799;;4867200
1985;52;52234;;4867200
1986;1;33048;;4944000
1986;2;43649;;4944000
1986;3;46649;;4944000
1986;4;57910;;4944000
1986;5;67731;;4944000
1986;6;95696;;4944000
1986;7;140474;;4944000
1986;8;146856;;4944000
1986;9;140226;;4944000
1986;10;101348;;4944000
1986;11;75374;;4944000
1986;12;56173;;4944000
1986;13;44248;;4944000
1986;14;41679;;4944000
1986;15;41641;;4944000
1986;16;49197;;4944000
1986;17;52075;;4944000
1986;18;31709;;4944000
1986;19;43162;;4944000
1986;20;40031;;4944000
1986;21;38607;;4944000
1986;22;33181;;4944000
1986;23;25937;;4944000
1986;24;19969;;4944000
1986;25;16476;;4944000
1986;26;14162;;4944000
1986;27;12630;;4944000
1986;28;10819;;4944000
1986;29;10504;;4944000
1986;30;9940;;4944000
1986;31;9777;;4944000
1986;32;10669;;4944000
1986;33;11314;;4944000
1986;34;14585;;4944000
1986;35;17941;;4944000
1986;36;27296;;4944000
1986;37;44242;;4944000
1986;38;52555;;4944000
1986;39;50116;;4944000
1986;40;51864;;4944000
1986;41;37446;;4944000
1986;42;41836;;4944000
1986;43;45085;;4944000
1986;44;51332;;4944000
1986;45;51167;;4944000
1986;46;94179;1;4944000
1986;47;120573;1;4944000
1986;48;116969;1;4944000
1986;49;94894;1;4944000
1986;50;73819;1;4944000
1986;51;69817;1;4944000
1986;52;63042;;4944000
1987;1;46988;;4944000
1987;2;62164;;4944000
1987;3;65439;;4944000
1987;4;53532;;4944000
1987;5;55570;;4944000
1987;6;52803;;4944000
1987;7;50075;;4944000
1987;8;48332;;4944000
1987;9;47311;;4944000
1987;10;48728;;4944000
1987;11;49654;;4944000
1987;12;50883;;4944000
1987;13;43316;;4944000
1987;14;42857;;4944000
1987;15;43814;;4944000
1987;16;47994;;4944000
1987;17;48370;;4944000
1987;18;37323;;4944000
1987;19;39491;;4944000
1987;20;38174;;4944000
1987;21;33595;;4944000
1987;22;31935;;4944000
1987;23;27112;;4944000
1987;24;20859;;4944000
1987;25;18229;;4944000
1987;26;16233;;4944000
1987;27;15360;;4944000
1987;28;13425;;4944000
1987;29;12607;;4944000
1987;30;10879;;4944000
1987;31;10642;;4944000
1987;32;10802;;4944000
1987;33;11357;;4944000
1987;34;14721;;4944000
1987;35;16767;;4944000
1987;36;22714;;4944000
1987;37;37094;;4944000
1987;38;44092;;4944000
1987;39;45392;;4944000
1987;40;41423;;4944000
1987;41;35894;;4944000
1987;42;40629;;4944000
1987;43;44991;;4944000
1987;44;47915;;4944000
1987;45;45835;;4944000
1987;46;52754;;4944000
1987;47;55303;;4944000
1987;48;57328;;4944000
1987;49;59090;;4944000
1987;50;57999;;4944000
1987;51;57895;;4944000
1987;52;54067;;4944000
1988;1;39312;;4996600
1988;2;48620;;4996600
1988;3;50541;;4996600
1988;4;67366;1;4996600
1988;5;109302;1;4996600
1988;6;166677;1;4996600
1988;7;136773;1;4996600
1988;8;92878;1;4996600
1988;9;68417;1;4996600
1988;10;61575;1;4996600
1988;11;44107;;4996600
1988;12;56302;;4996600
1988;13;52824;;4996600
1988;14;48831;;4996600
1988;15;48750;;4996600
1988;16;53301;;4996600
1988;17;48532;;4996600
1988;18;43049;;4996600
1988;19;35758;;4996600
1988;20;29817;;4996600
1988;21;28729;;4996600
1988;22;23391;;4996600
1988;23;20891;;4996600
1988;24;16743;;4996600
1988;25;16989;;4996600
1988;26;14461;;4996600
1988;27;12005;;4996600
1988;28;12980;;4996600
1988;29;11633;;4996600
1988;30;11960;;4996600
1988;31;14295;;4996600
1988;32;14973;;4996600
1988;33;15047;;4996600
1988;34;16297;;4996600
1988;35;18599;;4996600
1988;36;22514;;4996600
1988;37;34014;;4996600
1988;38;47052;;4996600
1988;39;53178;;4996600
1988;40;46129;;4996600
1988;41;35494;;4996600
1988;42;38284;;4996600
1988;43;39392;;4996600
1988;44;43540;;4996600
1988;45;46073;;4996600
1988;46;32872;;4996600
1988;47;47238;;4996600
1988;48;51905;;4996600
1988;49;54955;;4996600
1988;50;57778;;4996600
1988;51;57415;;4996600
1988;52;53790;;4996600
1989;1;48942;;5029900
1989;2;62828;;5029900
1989;3;76395;;5029900
1989;4;103178;1;5029900
1989;5;110172;1;5029900
1989;6;103292;1;5029900
1989;7;85851;1;5029900
1989;8;71199;1;5029900
1989;9;64727;1;5029900
1989;10;58495;1;5029900
1989;11;47579;;5029900
1989;12;57324;;5029900
1989;13;52064;;5029900
1989;14;45277;;5029900
1989;15;46582;;5029900
1989;16;43872;;5029900
1989;17;42936;;5029900
1989;18;36651;;5029900
1989;19;28778;;5029900
1989;20;21365;;5029900
1989;21;24826;;5029900
1989;22;22856;;5029900
1989;23;19908;;5029900
1989;24;16627;;5029900
1989;25;14500;;5029900
1989;26;12922;;5029900
1989;27;9829;;5029900
1989;28;8853;;5029900
1989;29;7994;;5029900
1989;30;8093;;5029900
1989;31;7678;;5029900
1989;32;8528;;5029900
1989;33;8983;;5029900
1989;34;10397;;5029900
1989;35;12680;;5029900
1989;36;17445;;5029900
1989;37;27561;;5029900
1989;38;43698;;5029900
1989;39;46917;;5029900
1989;40;39682;;5029900
1989;41;43019;;5029900
1989;42;42173;;5029900
1989;43;42678;;5029900
1989;44;39042;;5029900
1989;45;40875;;5029900
1989;46;21079;;5029900
1989;47;38589;;5029900
1989;48;43135;;5029900
1989;49;50008;;5029900
1989;50;51128;;5029900
1989;51;57744;;5029900
1989;52;68200;;5029900
1989;53;66237;;5029900
1990;1;84268;1;5025196
1990;2;93313;1;5025196
1990;3;96043;1;5025196
1990;4;94043;1;5025196
1990;5;86911;1;5025196
1990;6;69322;1;5025196
1990;7;58230;1;5025196
1990;8;52152;;5025196
1990;9;44710;;5025196
1990;10;35270;;5025196
1990;11;39309;;5025196
1990;12;36082;;5025196
1990;13;32499;;5025196
1990;14;33407;;5025196
1990;15;32838;;5025196
1990;16;33065;;5025196
1990;17;35581;;5025196
1990;18;17151;;5025196
1990;19;22559;;5025196
1990;20;26323;;5025196
1990;21;25763;;5025196
1990;22;23478;;5025196
1990;23;20161;;5025196
1990;24;16423;;5025196
1990;25;13958;;5025196
1990;26;10876;;5025196
1990;27;9303;;5025196
1990;28;7468;;5025196
1990;29;7148;;5025196
1990;30;6875;;5025196
1990;31;7347;;5025196
1990;32;7498;;5025196
1990;33;8386;;5025196
1990;34;9704;;5025196
1990;35;12828;;5025196
1990;36;20843;;5025196
1990;37;35496;;5025196
1990;38;40840;;5025196
1990;39;37774;;5025196
1990;40;33706;;5025196
1990;41;32139;;5025196
1990;42;30277;;5025196
1990;43;30185;;5025196
1990;44;30199;;5025196
1990;45;19454;;5025196
1990;46;28616;;5025196
1990;47;33589;;5025196
1990;48;38370;;5025196
1990;49;40229;;5025196
1990;50;41106;;5025196
1990;51;41643;;5025196
1990;52;41752;;5025196
1991;1;28586;;5209325
1991;2;33787;;5209325
1991;3;40850;;5209325
1991;4;40543;;5209325
1991;5;52712;;5209325
1991;6;77062;1;5209325
1991;7;123126;1;5209325
1991;8;155327;1;5209325
1991;9;131511;1;5209325
1991;10;79590;1;5209325
1991;11;73857;1;5209325
1991;12;55574;;5209325
1991;13;39262;;5209325
1991;14;38301;;5209325
1991;15;35191;;5209325
1991;16;35150;;5209325
1991;17;32496;;5209325
1991;18;18449;;5209325
1991;19;18179;;5209325
1991;20;18596;;5209325
1991;21;18118;;5209325
1991;22;16356;;5209325
1991;23;14940;;5209325
1991;24;11476;;5209325
1991;25;11843;;5209325
1991;26;9472;;5209325
1991;27;8510;;5209325
1991;28;7094;;5209325
1991;29;6556;;5209325
1991;30;6462;;5209325
1991;31;6104;;5209325
1991;32;6611;;5209325
1991;33;7975;;5209325
1991;34;8781;;5209325
1991;35;10672;;5209325
1991;36;15954;;5209325
1991;37;28374;;5209325
1991;38;35839;;5209325
1991;39;36061;;5209325
1991;40;31561;;5209325
1991;41;26168;;5209325
1991;42;30203;;5209325
1991;43;23738;;5209325
1991;44;36280;;5209325
1991;45;23786;;5209325
1991;46;34856;;5209325
1991;47;36866;;5209325
1991;48;37867;;5209325
1991;49;40296;;5209325
1991;50;46412;;5209325
1991;51;54924;1;5209325
1991;52;66037;1;5209325
1992;1;46419;1;5034700
1992;2;48213;1;5034700
1992;3;51612;1;5034700
1992;4;51197;1;5034700
1992;5;46154;;5034700
1992;6;42126;;5034700
1992;7;37562;;5034700
1992;8;34664;;5034700
1992;9;32277;;5034700
1992;10;28740;;5034700
1992;11;29601;;5034700
1992;12;27635;;5034700
1992;13;23171;;5034700
1992;14;23859;;5034700
1992;15;24168;;5034700
1992;16;25603;;5034700
1992;17;27216;;5034700
1992;18;17244;;5034700
1992;19;15922;;5034700
1992;20;13958;;5034700
1992;21;13921;;5034700
1992;22;11177;;5034700
1992;23;9488;;5034700
1992;24;7203;;5034700
1992;25;6729;;5034700
1992;26;6299;;5034700
1992;27;5272;;5034700
1992;28;5189;;5034700
1992;29;4458;;5034700
1992;30;3993;;5034700
1992;31;4191;;5034700
1992;32;4485;;5034700
1992;33;4610;;5034700
1992;34;5427;;5034700
1992;35;7122;;5034700
1992;36;9186;;5034700
1992;37;17648;;5034700
1992;38;23597;;5034700
1992;39;26928;;5034700
1992;40;25756;;5034700
1992;41;29126;;5034700
1992;42;31767;;5034700
1992;43;30977;;5034700
1992;44;31391;;5034700
1992;45;29285;;5034700
1992;46;27019;;5034700
1992;47;32335;;5034700
1992;48;34886;;5034700
1992;49;38994;;5034700
1992;50;37579;;5034700
1992;51;35624;;5034700
1992;52;29665;;5034700
1993;1;21617;;5003800
1993;2;27215;;5003800
1993;3;41975;1;5003800
1993;4;53633;1;5003800
1993;5;64376;1;5003800
1993;6;64234;1;5003800
1993;7;55542;1;5003800
1993;8;38281;;5003800
1993;9;41091;;5003800
1993;10;35313;;5003800
1993;11;31833;;5003800
1993;12;33743;;5003800
1993;13;28421;;5003800
1993;14;26269;;5003800
1993;15;27870;;5003800
1993;16;31211;;5003800
1993;17;33759;;5003800
1993;18;29174;;5003800
1993;19;18566;;5003800
1993;20;17636;;5003800
1993;21;15814;;5003800
1993;22;13913;;5003800
1993;23;12271;;5003800
1993;24;10695;;5003800
1993;25;9789;;5003800
1993;26;9449;;5003800
1993;27;8270;;5003800
1993;28;7068;;5003800
1993;29;5881;;5003800
1993;30;4540;;5003800
1993;31;4576;;5003800
1993;32;4543;;5003800
1993;33;4769;;5003800
1993;34;5462;;5003800
1993;35;6739;;5003800
1993;36;9435;;5003800
1993;37;17732;;5003800
1993;38;28528;;5003800
1993;39;29960;;5003800
1993;40;27983;;5003800
1993;41;26534;;5003800
1993;42;25163;;5003800
1993;43;25309;;5003800
1993;44;25384;;5003800
1993;45;24053;;5003800
1993;46;27779;;5003800
1993;47;30727;;5003800
1993;48;35215;;5003800
1993;49;37848;;5003800
1993;50;32973;;5003800
1993;51;29964;;5003800
1993;52;26649;;5003800
1994;1;18129;;4919538
1994;2;14697;;4919538
1994;3;26275;;4919538
1994;4;32528;;4919538
1994;5;39948;;4919538
1994;6;43923;;4919538
1994;7;51966;1;4919538
1994;8;57226;1;4919538
1994;9;49030;1;4919538
1994;10;42395;1;4919538
1994;11;19613;;4919538
1994;12;27474;;4919538
1994;13;20959;;4919538
1994;14;19144;;4919538
1994;15;18377;;4919538
1994;16;19647;;4919538
1994;17;20538;;4919538
1994;18;19577;;4919538
1994;19;13002;;4919538
1994;20;13688;;4919538
1994;21;15273;;4919538
1994;22;13977;;4919538
1994;23;12640;;4919538
1994;24;10131;;4919538
1994;25;7533;;4919538
1994;26;7669;;4919538
1994;27;6208;;4919538
1994;28;5393;;4919538
1994;29;4150;;4919538
1994;30;4003;;4919538
1994;31;3776;;4919538
1994;32;3619;;4919538
1994;33;4230;;4919538
1994;34;4970;;4919538
1994;35;5728;;4919538
1994;36;7399;;4919538
1994;37;12729;;4919538
1994;38;18947;;4919538
1994;39;21293;;4919538
1994;40;18813;;4919538
1994;41;20586;;4919538
1994;42;20337;;4919538
1994;43;21350;;4919538
1994;44;19936;;4919538
1994;45;18581;;4919538
1994;46;18046;;4919538
1994;47;23130;;4919538
1994;48;26167;;4919538
1994;49;26183;;4919538
1994;50;26342;;4919538
1994;51;21410;;4919538
1994;52;24621;;4919538
1995;1;18510;;4860300
1995;2;13172;;4860300
1995;3;17220;;4860300
1995;4;20719;;4860300
1995;5;23120;;4860300
1995;6;25918;;4860300
1995;7;29702;;4860300
1995;8;34974;;4860300
1995;9;36441;;4860300
1995;10;44534;;4860300
1995;11;41760;1;4860300
1995;12;56144;1;4860300
1995;13;57993;1;4860300
1995;14;47494;1;4860300
1995;15;38828;1;4860300
1995;16;33466;;4860300
1995;17;26042;;4860300
1995;18;20481;;4860300
1995;19;14521;;4860300
1995;20;11774;;4860300
1995;21;14753;;4860300
1995;22;12463;;4860300
1995;23;12234;;4860300
1995;24;8087;;4860300
1995;25;5689;;4860300
1995;26;5990;;4860300
1995;27;5259;;4860300
1995;28;4774;;4860300
1995;29;4652;;4860300
1995;30;4411;;4860300
1995;31;3752;;4860300
1995;32;3979;;4860300
1995;33;3945;;4860300
1995;34;4092;;4860300
1995;35;4554;;4860300
1995;36;5313;;4860300
1995;37;7850;;4860300
1995;38;14611;;4860300
1995;39;21506;;4860300
1995;40;22001;;4860300
1995;41;23435;;4860300
1995;42;23555;;4860300
1995;43;24833;;4860300
1995;44;23831;;4860300
1995;45;25383;;4860300
1995;46;16348;;4860300
1995;47;25185;;4860300
1995;48;25612;;4860300
1995;49;27826;1;4860300
1995;50;38203;1;4860300
1995;51;47234;1;4860300
1995;52;88940;1;4860300
1995;53;96381;;4860300
1996;1;54729;1;4888542
1996;2;41945;1;4888542
1996;3;30481;1;4888542
1996;4;22598;;4888542
1996;5;21718;;4888542
1996;6;23959;;4888542
1996;7;24612;;4888542
1996;8;24102;;4888542
1996;9;22198;;4888542
1996;10;16899;;4888542
1996;11;20198;;4888542
1996;12;18670;;4888542
1996;13;14894;;4888542
1996;14;17648;;4888542
1996;15;17370;;4888542
1996;16;17122;;4888542
1996;17;17816;;4888542
1996;18;12240;;4888542
1996;19;12099;;4888542
1996;20;11557;;4888542
1996;21;11260;;4888542
1996;22;9300;;4888542
1996;23;7965;;4888542
1996;24;5858;;4888542
1996;25;6374;;4888542
1996;26;5494;;4888542
1996;27;4027;;4888542
1996;28;4216;;4888542
1996;29;4005;;4888542
1996;30;3773;;4888542
1996;31;3751;;4888542
1996;32;3645;;4888542
1996;33;3623;;4888542
1996;34;3831;;4888542
1996;35;4373;;4888542
1996;36;6581;;4888542
1996;37;11336;;4888542
1996;38;19273;;4888542
1996;39;22109;;4888542
1996;40;23175;;4888542
1996;41;21986;;4888542
1996;42;22149;;4888542
1996;43;23958;;4888542
1996;44;24625;;4888542
1996;45;21080;;4888542
1996;46;23567;;4888542
1996;47;23857;;4888542
1996;48;26384;;4888542
1996;49;27100;;4888542
1996;50;25646;;4888542
1996;51;24117;;4888542
1996;52;22680;;4888542
1997;1;14367;;4888542
1997;2;20728;;4888542
1997;3;33788;;4888542
1997;4;62035;1;4888542
1997;5;79966;1;4888542
1997;6;69729;1;4888542
1997;7;50594;1;4888542
1997;8;38191;;4888542
1997;9;29451;;4888542
1997;10;22311;;4888542
1997;11;20015;;4888542
1997;12;20962;;4888542
1997;13;18526;;4888542
1997;14;19171;;4888542
1997;15;19576;;4888542
1997;16;21872;;4888542
1997;17;21416;;4888542
1997;18;14985;;4888542
1997;19;15978;;4888542
1997;20;13917;;4888542
1997;21;12846;;4888542
1997;22;11497;;4888542
1997;23;10082;;4888542
1997;24;7220;;4888542
1997;25;7289;;4888542
1997;26;6073;;4888542
1997;27;4738;;4888542
1997;28;3903;;4888542
1997;29;3966;;4888542
1997;30;3823;;4888542
1997;31;3635;;4888542
1997;32;3723;;4888542
1997;33;4175;;4888542
1997;34;4742;;4888542
1997;35;5823;;4888542
1997;36;8580;;4888542
1997;37;17227;;4888542
1997;38;23901;;4888542
1997;39;25658;;4888542
1997;40;25556;;4888542
1997;41;24566;;4888542
1997;42;24811;;4888542
1997;43;26192;;4888542
1997;44;25524;;4888542
1997;45;19181;;4888542
1997;46;24056;;4888542
1997;47;24133;;4888542
1997;48;25437;;4888542
1997;49;27106;;4888542
1997;50;22966;;4888542
1997;51;27983;;4888542
1997;52;23817;;4888542
1998;1;13715;;4778900
1998;2;14131;;4778900
1998;3;16943;;4778900
1998;4;17992;;4778900
1998;5;21305;;4778900
1998;6;27926;;4778900
1998;7;38217;;4778900
1998;8;49661;1;4778900
1998;9;52295;1;4778900
1998;10;50107;1;4778900
1998;11;45418;1;4778900
1998;12;45693;1;4778900
1998;13;37192;;4778900
1998;14;32707;;4778900
1998;15;29783;;4778900
1998;16;28207;;4778900
1998;17;24356;;4778900
1998;18;15804;;4778900
1998;19;13279;;4778900
1998;20;10915;;4778900
1998;21;11230;;4778900
1998;22;11110;;4778900
1998;23;8785;;4778900
1998;24;7082;;4778900
1998;25;6224;;4778900
1998;26;5969;;4778900
1998;27;4966;;4778900
1998;28;4093;;4778900
1998;29;3779;;4778900
1998;30;3949;;4778900
1998;31;4033;;4778900
1998;32;3924;;4778900
1998;33;4283;;4778900
1998;34;4871;;4778900
1998;35;5794;;4778900
1998;36;7588;;4778900
1998;37;12923;;4778900
1998;38;18388;;4778900
1998;39;21363;;4778900
1998;40;24079;;4778900
1998;41;27824;;4778900
1998;42;29640;;4778900
1998;43;28995;;4778900
1998;44;27340;;4778900
1998;45;22696;;4778900
1998;46;22408;;4778900
1998;47;26877;;4778900
1998;48;28913;;4778900
1998;49;32377;;4778900
1998;50;31457;;4778900
1998;51;29978;;4778900
1998;52;27021;;4778900
1999;1;19194;;4778900
1999;2;17621;;4778900
1999;3;25340;;4778900
1999;4;38638;1;4778900
1999;5;53674;1;4778900
1999;6;84513;1;4778900
1999;7;104529;1;4778900
1999;8;86797;1;4778900
1999;9;63147;1;4778900
1999;10;40445;;4778900
1999;11;25906;;4778900
1999;12;24337;;4778900
1999;13;19453;;4778900
1999;14;17736;;4778900
1999;15;18762;;4778900
1999;16;20057;;4778900
1999;17;19739;;4778900
1999;18;18476;;4778900
1999;19;13420;;4778900
1999;20;14719;;4778900
1999;21;14993;;4778900
1999;22;13793;;4778900
1999;23;10713;;4778900
1999;24;7851;;4778900
1999;25;5904;;4778900
1999;26;5567;;4778900
1999;27;4749;;4778900
1999;28;4271;;4778900
1999;29;4119;;4778900
1999;30;4438;;4778900
1999;31;4516;;4778900
1999;32;4410;;4778900
1999;33;4502;;4778900
1999;34;5286;;4778900
1999;35;5763;;4778900
1999;36;7350;;4778900
1999;37;10825;;4778900
1999;38;17367;;4778900
1999;39;20830;;4778900
1999;40;22877;;4778900
1999;41;22125;;4778900
1999;42;22727;;4778900
1999;43;24447;;4778900
1999;44;23760;;4778900
1999;45;19833;;4778900
1999;46;18079;;4778900
1999;47;22273;;4778900
1999;48;24601;;4778900
1999;49;26189;;4778900
1999;50;27157;;4778900
1999;51;23246;;4778900
1999;52;23618;;4778900
2000;1;18043;;4778900
2000;2;11114;;4778900
2000;3;21019;;4778900
2000;4;27657;;4778900
2000;5;36941;;4778900
2000;6;51143;1;4778900
2000;7;63058;1;4778900
2000;8;58856;1;4778900
2000;9;49504;1;4778900
2000;10;44254;;4778900
2000;11;30418;;4778900
2000;12;30345;;4778900
2000;13;23803;;4778900
2000;14;20691;;4778900
2000;15;19438;;4778900
2000;16;20500;;4778900
2000;17;20608;;4778900
2000;18;18714;;4778900
2000;19;14958;;4778900
2000;20;11120;;4778900
2000;21;14248;;4778900
2000;22;12857;;4778900
2000;23;11113;;4778900
2000;24;9621;;4778900
2000;25;7693;;4778900
2000;26;7690;;4778900
2000;27;7220;;4778900
2000;28;6101;;4778900
2000;29;5453;;4778900
2000;30;5362;;4778900
2000;31;5395;;4778900
2000;32;5446;;4778900
2000;33;5285;;4778900
2000;34;6049;;4778900
2000;35;6730;;4778900
2000;36;7382;;4778900
2000;37;9623;;4778900
2000;38;15833;;4778900
2000;39;21301;;4778900
2000;40;24219;;4778900
2000;41;24505;;4778900
2000;42;26871;;4778900
2000;43;27470;;4778900
2000;44;27980;;4778900
2000;45;28112;;4778900
2000;46;17494;;4778900
2000;47;21994;;4778900
2000;48;23458;;4778900
2000;49;25561;;4778900
2000;50;29146;;4778900
2000;51;18405;;4778900
2000;52;23575;;4778900
2000;53;21750;;4778900
2001;1;15169;;4778900
2001;2;19091;;4778900
2001;3;25331;;4778900
2001;4;31533;;4778900
2001;5;34575;;4778900
2001;6;39538;;4778900
2001;7;38044;;4778900
2001;8;33500;;4778900
2001;9;29984;;4778900
2001;10;22036;;4778900
2001;11;22073;;4778900
2001;12;22725;;4778900
2001;13;19327;;4778900
2001;14;20562;;4778900
2001;15;20808;;4778900
2001;16;24106;;4778900
2001;17;26169;;4778900
2001;18;12216;;4778900
2001;19;15518;;4778900
2001;20;15871;;4778900
2001;21;14961;;4778900
2001;22;13671;;4778900
2001;23;12374;;4778900
2001;24;7677;;4778900
2001;25;8195;;4778900
2001;26;6720;;4778900
2001;27;5262;;4778900
2001;28;4820;;4778900
2001;29;4626;;4778900
2001;30;4742;;4778900
2001;31;4862;;4778900
2001;32;5027;;4778900
2001;33;5663;;4778900
2001;34;5817;;4778900
2001;35;6469;;4778900
2001;36;8120;;4778900
2001;37;12798;;4778900
2001;38;16404;;4778900
2001;39;18813;;4778900
2001;40;21111;;4778900
2001;41;20135;;4778900
2001;42;20883;;4778900
2001;43;22471;;4778900
2001;44;21273;;4778900
2001;45;15192;;4778900
2001;46;19902;;4778900
2001;47;20855;;4778900
2001;48;23403;;4778900
2001;49;25792;;4778900
2001;50;23643;;4778900
2001;51;27137;;4778900
2001;52;26715;;4778900
2002;1;11792;;4694000
2002;2;17638;;4694000
2002;3;20800;;4694000
2002;4;23961;;4694000
2002;5;28286;;4694000
2002;6;36559;;4694000
2002;7;38817;;4694000
2002;8;40145;;4694000
2002;9;36836;;4694000
2002;10;30434;;4694000
2002;11;33390;;4694000
2002;12;30309;;4694000
2002;13;23359;;4694000
2002;14;21991;;4694000
2002;15;21101;;4694000
2002;16;20621;;4694000
2002;17;22400;;4694000
2002;18;9301;;4694000
2002;19;10906;;4694000
2002;20;13809;;4694000
2002;21;10586;;4694000
2002;22;9808;;4694000
2002;23;8929;;4694000
2002;24;6805;;4694000
2002;25;6852;;4694000
2002;26;6378;;4694000
2002;27;5365;;4694000
2002;28;4724;;4694000
2002;29;4442;;4694000
2002;30;5029;;4694000
2002;31;4658;;4694000
2002;32;4821;;4694000
2002;33;5088;;4694000
2002;34;5713;;4694000
2002;35;6180;;4694000
2002;36;7670;;4694000
2002;37;11676;;4694000
2002;38;17063;;4694000
2002;39;20212;;4694000
2002;40;21480;;4694000
2002;41;21568;;4694000
2002;42;22941;;4694000
2002;43;24459;;4694000
2002;44;25194;;4694000
2002;45;20586;;4694000
2002;46;22761;;4694000
2002;47;26810;;4694000
2002;48;29127;;4694000
2002;49;32235;;4694000
2002;50;32035;;4694000
2002;51;34270;;4694000
2002;52;33182;;4694000
2003;1;20486;;4596200
2003;2;15098;;4596200
2003;3;19438;;4596200
2003;4;19776;;4596200
2003;5;21107;;4596200
2003;6;25492;;4596200
2003;7;34122;1;4596200
2003;8;41706;1;4596200
2003;9;40131;1;4596200
2003;10;36946;1;4596200
2003;11;32481;;4596200
2003;12;31000;;4596200
2003;13;25079;;4596200
2003;14;21620;;4596200
2003;15;20433;;4596200
2003;16;19960;;4596200
2003;17;18633;;4596200
2003;18;13735;;4596200
2003;19;14279;;4596200
2003;20;14021;;4596200
2003;21;12391;;4596200
2003;22;9931;;4596200
2003;23;9127;;4596200
2003;24;5968;;4596200
2003;25;8304;;4596200
2003;26;6021;;4596200
2003;27;6093;;4596200
2003;28;5516;;4596200
2003;29;5267;;4596200
2003;30;4868;;4596200
2003;31;4681;;4596200
2003;32;4994;;4596200
2003;33;5572;;4596200
2003;34;6195;;4596200
2003;35;7166;;4596200
2003;36;9518;;4596200
2003;37;14265;;4596200
2003;38;18781;;4596200
2003;39;22337;;4596200
2003;40;22002;;4596200
2003;41;22085;;4596200
2003;42;21871;;4596200
2003;43;23002;;4596200
2003;44;22684;;4596200
2003;45;16801;;4596200
2003;46;21049;;4596200
2003;47;24872;;4596200
2003;48;40703;1;4596200
2003;49;60278;1;4596200
2003;50;53135;1;4596200
2003;51;54154;1;4596200
2003;52;35531;1;4596200
2004;1;15856;;4564802
2004;2;16229;;4564802
2004;3;18697;;4564802
2004;4;19892;;4564802
2004;5;20749;;4564802
2004;6;20511;;4564802
2004;7;21046;;4564802
2004;8;21179;;4564802
2004;9;18835;;4564802
2004;10;18872;;4564802
2004;11;17077;;4564802
2004;12;19544;;4564802
2004;13;18059;;4564802
2004;14;16205;;4564802
2004;15;16431;;4564802
2004;16;17150;;4564802
2004;17;16704;;4564802
2004;18;15798;;4564802
2004;19;11112;;4564802
2004;20;11460;;4564802
2004;21;11958;;4564802
2004;22;11235;;4564802
2004;23;9914;;4564802
2004;24;9454;;4564802
2004;25;7736;;4564802
2004;26;7496;;4564802
2004;27;6577;;4564802
2004;28;5597;;4564802
2004;29;5081;;4564802
2004;30;4967;;4564802
2004;31;4879;;4564802
2004;32;5180;;4564802
2004;33;5509;;4564802
2004;34;6057;;4564802
2004;35;6725;;4564802
2004;36;7466;;4564802
2004;37;11712;;4564802
2004;38;16500;;4564802
2004;39;21044;;4564802
2004;40;22914;;4564802
2004;41;25422;;4564802
2004;42;29118;;4564802
2004;43;29441;;4564802
2004;44;29513;;4564802
2004;45;23480;;4564802
2004;46;20401;;4564802
2004;47;23649;;4564802
2004;48;24931;;4564802
2004;49;25182;;4564802
2004;50;26375;;4564802
2004;51;22563;;4564802
2004;52;24204;;4564802
2005;1;18603;;4624083
2005;2;4972;;4624083
2005;3;19733;;4624083
2005;4;18661;;4624083
2005;5;20376;;4624083
2005;6;23120;;4624083
2005;7;25051;;4624083
2005;8;27672;;4624083
2005;9;27858;;4624083
2005;10;35464;;4624083
2005;11;25275;;4624083
2005;12;34056;;4624083
2005;13;31993;;4624083
2005;14;31677;;4624083
2005;15;28078;;4624083
2005;16;27373;;4624083
2005;17;24670;;4624083
2005;18;24956;;4624083
2005;19;20308;;4624083
2005;20;17284;;4624083
2005;21;16111;;4624083
2005;22;13758;;4624083
2005;23;12733;;4624083
2005;24;9794;;4624083
2005;25;8152;;4624083
2005;26;8244;;4624083
2005;27;7441;;4624083
2005;28;6036;;4624083
2005;29;5382;;4624083
2005;30;5354;;4624083
2005;31;5050;;4624083
2005;32;5193;;4624083
2005;33;5257;;4624083
2005;34;5785;;4624083
2005;35;6735;;4624083
2005;36;8012;;4624083
2005;37;10628;;4624083
2005;38;14582;;4624083
2005;39;19903;;4624083
2005;40;20716;;4624083
2005;41;24116;;4624083
2005;42;23838;;4624083
2005;43;26293;;4624083
2005;44;26423;;4624083
2005;45;20258;;4624083
2005;46;21428;;4624083
2005;47;19277;;4624083
2005;48;22649;;4624083
2005;49;22472;;4624083
2005;50;23395;;4624083
2005;51;23126;;4624083
2005;52;21856;;4624083
2006;1;17963;;4600000
2006;2;2742;;4600000
2006;3;20093;;4600000
2006;4;18746;;4600000
2006;5;20222;;4600000
2006;6;21776;;4600000
2006;7;22850;;4600000
2006;8;24669;;4600000
2006;9;24508;;4600000
2006;10;33243;;4600000
2006;11;32934;;4600000
2006;12;48233;1;4600000
2006;13;56015;1;4600000
2006;14;49280;1;4600000
2006;15;41817;1;4600000
2006;16;30223;;4600000
2006;17;24658;;4600000
2006;18;20872;;4600000
2006;19;18999;;4600000
2006;20;11996;;4600000
2006;21;16161;;4600000
2006;22;14730;;4600000
2006;23;13926;;4600000
2006;24;12596;;4600000
2006;25;9404;;4600000
2006;26;9147;;4600000
2006;27;7728;;4600000
2006;28;6475;;4600000
2006;29;5629;;4600000
2006;30;5802;;4600000
2006;31;5633;;4600000
2006;32;5664;;4600000
2006;33;5760;;4600000
2006;34;5985;;4600000
2006;35;6554;;4600000
2006;36;7724;;4600000
2006;37;10552;;4600000
2006;38;16985;;4600000
2006;39;22756;;4600000
2006;40;25412;;4600000
2006;41;25423;;4600000
2006;42;25553;;4600000
2006;43;26981;;4600000
2006;44;27068;;4600000
2006;45;24593;;4600000
2006;46;20835;;4600000
2006;47;22972;;4600000
2006;48;24686;;4600000
2006;49;26031;;4600000
2006;50;25224;;4600000
2006;51;25568;;4600000
2006;52;24814;;4600000
2006;53;20645;;4600000
2007;1;4845;;4580620
2007;2;21994;;4580620
2007;3;21247;;4580620
2007;4;24217;;4580620
2007;5;29231;;4580620
2007;6;31451;;4580620
2007;7;34166;;4580620
2007;8;33242;;4580620
2007;9;44381;1;4580620
2007;10;34895;1;4580620
2007;11;43131;1;4580620
2007;12;34075;;4580620
2007;13;28623;;4580620
2007;14;24953;;4580620
2007;15;23440;;4580620
2007;16;22907;;4580620
2007;17;25986;;4580620
2007;18;15991;;4580620
2007;19;16892;;4580620
2007;20;17427;;4580620
2007;21;15942;;4580620
2007;22;13608;;4580620
2007;23;13196;;4580620
2007;24;6965;;4580620
2007;25;9453;;4580620
2007;26;8867;;4580620
2007;27;7467;;4580620
2007;28;7157;;4580620
2007;29;7187;;4580620
2007;30;6374;;4580620
2007;31;6983;;4580620
2007;32;6741;;4580620
2007;33;7382;;4580620
2007;34;8264;;4580620
2007;35;9130;;4580620
2007;36;11025;;4580620
2007;37;19339;;4580620
2007;38;24723;;4580620
2007;39;25552;;4580620
2007;40;24749;;4580620
2007;41;24927;;4580620
2007;42;25201;;4580620
2007;43;26756;;4580620
2007;44;26892;;4580620
2007;45;19961;;4580620
2007;46;24342;;4580620
2007;47;26053;;4580620
2007;48;27017;;4580620
2007;49;28388;;4580620
2007;50;28817;;4580620
2007;51;27566;;4580620
2007;52;26255;;4580620
2008;1;1734;;4571184
2008;2;18222;;4571184
2008;3;24133;;4571184
2008;4;27720;;4571184
2008;5;33033;;4571184
2008;6;39895;1;4571184
2008;7;41029;1;4571184
2008;8;43346;1;4571184
2008;9;36114;1;4571184
2008;10;41654;1;4571184
2008;11;29881;;4571184
2008;12;34063;;4571184
2008;13;31513;;4571184
2008;14;30132;;4571184
2008;15;28515;;4571184
2008;16;30838;;4571184
2008;17;28193;;4571184
2008;18;22962;;4571184
2008;19;16984;;4571184
2008;20;16949;;4571184
2008;21;16905;;4571184
2008;22;14663;;4571184
2008;23;14021;;4571184
2008;24;8337;;4571184
2008;25;9362;;4571184
2008;26;8559;;4571184
2008;27;7551;;4571184
2008;28;6591;;4571184
2008;29;5994;;4571184
2008;30;5978;;4571184
2008;31;5839;;4571184
2008;32;5751;;4571184
2008;33;6122;;4571184
2008;34;7453;;4571184
2008;35;8350;;4571184
2008;36;10317;;4571184
2008;37;17597;;4571184
2008;38;23385;;4571184
2008;39;25756;;4571184
2008;40;27505;;4571184
2008;41;28325;;4571184
2008;42;27971;;4571184
2008;43;27962;;4571184
2008;44;31559;;4571184
2008;45;17602;;4571184
2008;46;24871;;4571184
2008;47;26014;;4571184
2008;48;27003;;4571184
2008;49;29655;;4571184
2008;50;30278;;4571184
2008;51;29308;;4571184
2008;52;27707;;4571184
2009;1;12740;;4568047
2009;2;7420;;4568047
2009;3;22043;;4568047
2009;4;24160;;4568047
2009;5;25654;;4568047
2009;6;30282;;4568047
2009;7;34657;;4568047
2009;8;39969;;4568047
2009;9;43622;1;4568047
2009;10;47759;1;4568047
2009;11;44916;1;4568047
2009;12;47161;1;4568047
2009;13;39269;1;4568047
2009;14;36169;1;4568047
2009;15;30696;;4568047
2009;16;31613;;4568047
2009;17;31635;;4568047
2009;18;24628;;4568047
2009;19;26867;;4568047
2009;20;19269;;4568047
2009;21;18821;;4568047
2009;22;17690;;4568047
2009;23;14945;;4568047
2009;24;10874;;4568047
2009;25;11820;;4568047
2009;26;9901;;4568047
2009;27;9194;;4568047
2009;28;8315;;4568047
2009;29;8918;;4568047
2009;30;8121;;4568047
2009;31;8045;;4568047
2009;32;7643;;4568047
2009;33;8069;;4568047
2009;34;8984;;4568047
2009;35;9818;;4568047
2009;36;12081;;4568047
2009;37;16629;;4568047
2009;38;24755;;4568047
2009;39;28848;;4568047
2009;40;29732;;4568047
2009;41;31487;;4568047
2009;42;32513;;4568047
2009;43;34514;;4568047
2009;44;38650;1;4568047
2009;45;39594;1;4568047
2009;46;52948;1;4568047
2009;47;70272;1;4568047
2009;48;61144;1;4568047
2009;49;47447;1;4568047
2009;50;35899;1;4568047
2009;51;32512;;4568047
2009;52;29837;;4568047
2010;1;18782;;4581854
2010;2;10711;;4581854
2010;3;24437;;4581854
2010;4;28485;;4581854
2010;5;33005;;4581854
2010;6;37207;;4581854
2010;7;37185;;4581854
2010;8;35313;;4581854
2010;9;32789;;4581854
2010;10;30263;;4581854
2010;11;26822;;4581854
2010;12;30120;;4581854
2010;13;27186;;4581854
2010;14;26375;;4581854
2010;15;25305;;4581854
2010;16;26883;;4581854
2010;17;27919;;4581854
2010;18;27188;;4581854
2010;19;22212;;4581854
2010;20;18272;;4581854
2010;21;18211;;4581854
2010;22;16591;;4581854
2010;23;14977;;4581854
2010;24;13441;;4581854
2010;25;10517;;4581854
2010;26;11908;;4581854
2010;27;10017;;4581854
2010;28;8750;;4581854
2010;29;7885;;4581854
2010;30;8669;;4581854
2010;31;8408;;4581854
2010;32;9568;;4581854
2010;33;10066;;4581854
2010;34;11495;;4581854
2010;35;12160;;4581854
2010;36;15347;;4581854
2010;37;22827;;4581854
2010;38;30625;;4581854
2010;39;31989;;4581854
2010;40;32211;;4581854
2010;41;30239;;4581854
2010;42;32392;;4581854
2010;43;31618;;4581854
2010;44;30348;;4581854
2010;45;19875;;4581854
2010;46;30926;;4581854
2010;47;27449;;4581854
2010;48;31468;;4581854
2010;49;34828;;4581854
2010;50;35210;;4581854
2010;51;34858;;4581854
2010;52;33435;;4581854
2011;1;27653;;4600276
2011;2;8279;;4600276
2011;3;29858;;4600276
2011;4;35219;1;4600276
2011;5;50557;1;4600276
2011;6;69587;1;4600276
2011;7;66911;1;4600276
2011;8;57549;1;4600276
2011;9;42599;;4600276
2011;10;45830;;4600276
2011;11;28055;;4600276
2011;12;33212;;4600276
2011;13;29108;;4600276
2011;14;27650;;4600276
2011;15;26381;;4600276
2011;16;27717;;4600276
2011;17;27323;;4600276
2011;18;25544;;4600276
2011;19;22263;;4600276
2011;20;19733;;4600276
2011;21;20546;;4600276
2011;22;17107;;4600276
2011;23;16602;;4600276
2011;24;13925;;4600276
2011;25;11234;;4600276
2011;26;11305;;4600276
2011;27;10621;;4600276
2011;28;8907;;4600276
2011;29;8140;;4600276
2011;30;7826;;4600276
2011;31;7853;;4600276
2011;32;8951;;4600276
2011;33;9890;;4600276
2011;34;10773;;4600276
2011;35;12185;;4600276
2011;36;14083;;4600276
2011;37;21322;;4600276
2011;38;29435;;4600276
2011;39;32424;;4600276
2011;40;31860;;4600276
2011;41;31765;;4600276
2011;42;31108;;4600276
2011;43;32590;;4600276
2011;44;32217;;4600276
2011;45;26374;;4600276
2011;46;29620;;4600276
2011;47;30825;;4600276
2011;48;33340;;4600276
2011;49;34850;;4600276
2011;50;34196;;4600276
2011;51;34888;;4600276
2011;52;32420;;4600276
2012;1;26291;;4899344
2012;2;6318;;4899344
2012;3;27626;;4899344
2012;4;28058;;4899344
2012;5;32071;;4899344
2012;6;37869;;4899344
2012;7;40712;;4899344
2012;8;42764;;4899344
2012;9;36843;;4899344
2012;10;42098;;4899344
2012;11;35439;;4899344
2012;12;38952;;4899344
2012;13;39893;;4899344
2012;14;37485;;4899344
2012;15;37295;;4899344
2012;16;38031;;4899344
2012;17;39223;;4899344
2012;18;41942;;4899344
2012;19;27949;;4899344
2012;20;20097;;4899344
2012;21;23298;;4899344
2012;22;21508;;4899344
2012;23;20237;;4899344
2012;24;20218;;4899344
2012;25;11574;;4899344
2012;26;14306;;4899344
2012;27;13283;;4899344
2012;28;11505;;4899344
2012;29;10822;;4899344
2012;30;9895;;4899344
2012;31;10176;;4899344
2012;32;11240;;4899344
2012;33;11332;;4899344
2012;34;11866;;4899344
2012;35;13460;;4899344
2012;36;14860;;4899344
2012;37;18190;;4899344
2012;38;28264;;4899344
2012;39;33019;;4899344
2012;40;35047;;4899344
2012;41;35706;;4899344
2012;42;37530;;4899344
2012;43;39178;;4899344
2012;44;39194;;4899344
2012;45;37983;;4899344
2012;46;28983;;4899344
2012;47;33821;;4899344
2012;48;34435;;4899344
2012;49;35023;;4899344
2012;50;36742;;4899344
2012;51;38057;;4899344
2012;52;38023;;4899344
2012;53;36642;;4899344
2013;1;9495;;4953219
2013;2;25307;;4953219
2013;3;34914;;4953219
2013;4;37690;;4953219
2013;5;44841;;4953219
2013;6;55074;1;4953219
2013;7;59149;1;4953219
2013;8;60533;1;4953219
2013;9;62741;1;4953219
2013;10;47834;1;4953219
2013;11;53144;1;4953219
2013;12;47678;1;4953219
2013;13;43440;;4953219
2013;14;41522;;4953219
2013;15;39764;;4953219
2013;16;36935;;4953219
2013;17;32715;;4953219
2013;18;16694;;4953219
2013;19;20152;;4953219
2013;20;21191;;4953219
2013;21;19394;;4953219
2013;22;18487;;4953219
2013;23;16096;;4953219
2013;24;13497;;4953219
2013;25;14267;;4953219
2013;26;12998;;4953219
2013;27;11695;;4953219
2013;28;11403;;4953219
2013;29;11575;;4953219
2013;30;11334;;4953219
2013;31;11499;;4953219
2013;32;10917;;4953219
2013;33;11575;;4953219
2013;34;12228;;4953219
2013;35;14122;;4953219
2013;36;17166;;4953219
2013;37;25832;;4953219
2013;38;31765;;4953219
2013;39;34461;;4953219
2013;40;35318;;4953219
2013;41;33320;;4953219
2013;42;32593;;4953219
2013;43;32888;;4953219
2013;44;32353;;4953219
2013;45;26079;;4953219
2013;46;29332;;4953219
2013;47;32529;;4953219
2013;48;33887;;4953219
2013;49;35811;;4953219
2013;50;36388;;4953219
2013;51;36482;;4953219
2013;52;31341;;4953219
2014;1;14648;;5028000
2014;2;17714;;5028000
2014;3;30762;;5028000
2014;4;33026;;5028000
2014;5;36144;;5028000
2014;6;40621;;5028000
2014;7;41925;;5028000
2014;8;43777;;5028000
2014;9;43383;;5028000
2014;10;43060;;5028000
2014;11;40041;;5028000
2014;12;41992;;5028000
2014;13;38065;;5028000
2014;14;36543;;5028000
2014;15;35404;;5028000
2014;16;35860;;5028000
2014;17;33288;;5028000
2014;18;22931;;5028000
2014;19;26955;;5028000
2014;20;26040;;5028000
2014;21;23677;;5028000
2014;22;20846;;5028000
2014;23;18411;;5028000
2014;24;12075;;5028000
2014;25;16262;;5028000
2014;26;15807;;5028000
2014;27;14867;;5028000
2014;28;13758;;5028000
2014;29;13056;;5028000
2014;30;12293;;5028000
2014;31;11960;;5028000
2014;32;11653;;5028000
2014;33;12821;;5028000
2014;34;13197;;5028000
2014;35;16140;;5028000
2014;36;20061;;5028000
2014;37;30123;;5028000
2014;38;37590;;5028000
2014;39;40233;;5028000
2014;40;41353;;5028000
2014;41;39254;;5028000
2014;42;39170;;5028000
2014;43;40015;;5028000
2014;44;39175;;5028000
2014;45;25234;;5028000
2014;46;34974;;5028000
2014;47;37214;;5028000
2014;48;38825;;5028000
2014;49;39517;;5028000
2014;50;39767;;5028000
2014;51;38305;;5028000
2014;52;34493;;5028000
2015;1;23522;;5131942
2015;2;9216;;5131942
2015;3;36432;;5131942
2015;4;37678;;5131942
2015;5;46231;1;5131942
2015;6;55501;1;5131942
2015;7;58736;1;5131942
2015;8;61596;1;5131942
2015;9;50475;1;5131942
2015;10;50582;1;5131942
2015;11;37986;;5131942
2015;12;40675;;5131942
2015;13;37913;;5131942
2015;14;37381;;5131942
2015;15;34596;;5131942
2015;16;34668;;5131942
2015;17;32632;;5131942
2015;18;27276;;5131942
2015;19;23902;;5131942
2015;20;20874;;5131942
2015;21;22961;;5131942
2015;22;21582;;5131942
2015;23;20200;;5131942
2015;24;16033;;5131942
2015;25;16798;;5131942
2015;26;15959;;5131942
2015;27;14912;;5131942
2015;28;12745;;5131942
2015;29;12145;;5131942
2015;30;12317;;5131942
2015;31;12291;;5131942
2015;32;11887;;5131942
2015;33;12599;;5131942
2015;34;13616;;5131942
2015;35;14699;;5131942
2015;36;17872;;5131942
2015;37;26357;;5131942
2015;38;36473;;5131942
2015;39;39916;;5131942
2015;40;40497;;5131942
2015;41;40141;;5131942
2015;42;41866;;5131942
2015;43;40944;;5131942
2015;44;39998;;5131942
2015;45;31425;;5131942
2015;46;34368;;5131942
2015;47;36021;;5131942
2015;48;37753;;5131942
2015;49;39445;;5131942
2015;50;39965;;5131942
2015;51;38296;;5131942
2015;52;37342;;5131942
2016;1;28214;;5191690
2016;2;11398;;5191690
2016;3;43382;1;5191690
2016;4;63538;1;5191690
2016;5;97302;1;5191690
2016;6;85168;1;5191690
2016;7;57821;1;5191690
2016;8;51464;1;5191690
2016;9;31855;;5191690
2016;10;41112;;5191690
2016;11;29985;;5191690
2016;12;40877;;5191690
2016;13;40877;;5191690
