1.02,-7,0.0584945061936
1.02,-6,0.060600884173
1.02,-5,0.062631732094
1.02,-4,0.0645863153772
1.02,-3,0.0664639657163
1.02,-2,0.0682640820073
1.02,-1,0.0699861311519
1.02,0,0.07162964873
1.02,1,0.0731942395422
1.02,2,0.0746795780186
1.02,3,0.076085408495
1.02,4,0.0774115453545
1.02,5,0.0786578730353
1.02,6,0.0798243459044
1.02152610442,-7,0.0694371403485
1.02152610442,-6,0.0718197429246
1.02152610442,-5,0.0741010879485
1.02152610442,-4,0.0762802080714
1.02152610442,-3,0.0783562404266
1.02152610442,-2,0.0803284280262
1.02152610442,-1,0.0821961209205
1.02152610442,0,0.0839587771186
1.02152610442,1,0.085615963265
1.02152610442,2,0.0871673550726
1.02152610442,3,0.0886127375098
1.02152610442,4,0.0899520047422
1.02152610442,5,0.09118515983
1.02152610442,6,0.0923123141836
1.02305220884,-7,0.0789680153952
1.02305220884,-6,0.0817295296171
1.02305220884,-5,0.0843592948891
1.02305220884,-4,0.0868559505586
1.02305220884,-3,0.0892182936181
1.02305220884,-2,0.0914452810243
1.02305220884,-1,0.0935360316021
1.02305220884,0,0.0954898275285
1.02305220884,1,0.0973061153881
1.02305220884,2,0.0989845067995
1.02305220884,3,0.10052477861
1.02305220884,4,0.101926872659
1.02305220884,5,0.103190895115
1.02305220884,6,0.104317115385
1.02457831325,-7,0.0882083606363
1.02457831325,-6,0.0914242270629
1.02457831325,-5,0.0944722852716
1.02457831325,-4,0.0973506011686
1.02457831325,-3,0.100057471114
1.02457831325,-2,0.102591425829
1.02457831325,-1,0.104951233598
1.02457831325,0,0.107135902774
1.02457831325,1,0.109144683543
1.02457831325,2,0.11097706898
1.02457831325,3,0.112632795359
1.02457831325,4,0.11411184174
1.02457831325,5,0.115414428829
1.02457831325,6,0.11654101712
1.02610441767,-7,0.0987697268103
1.02610441767,-6,0.102437495635
1.02610441767,-5,0.105894297815
1.02610441767,-4,0.10913751764
1.02610441767,-3,0.112164869831
1.02610441767,-2,0.114974405622
1.02610441767,-1,0.11756451771
1.02610441767,0,0.119933944031
1.02610441767,1,0.122081770352
1.02610441767,2,0.124007431671
1.02610441767,3,0.12571071241
1.02610441767,4,0.127191745419
1.02610441767,5,0.128451009787
1.02610441767,6,0.129489327487
1.02763052209,-7,0.11276792361
1.02763052209,-6,0.116740016239
1.02763052209,-5,0.120448194251
1.02763052209,-4,0.123889301637
1.02763052209,-3,0.127060652775
1.02763052209,-2,0.129960040406
1.02763052209,-1,0.132585741767
1.02763052209,0,0.134936522831
1.02763052209,1,0.137011640652
1.02763052209,2,0.138810843788
1.02763052209,3,0.140334370826
1.02763052209,4,0.141582947002
1.02763052209,5,0.142557778978
1.02763052209,6,0.143260547782
1.02915662651,-7,0.123453805545
1.02915662651,-6,0.127992221014
1.02915662651,-5,0.132208768217
1.02915662651,-4,0.136099164738
1.02915662651,-3,0.139659772837
1.02915662651,-2,0.142887611948
1.02915662651,-1,0.145780368311
1.02915662651,0,0.148336401698
1.02915662651,1,0.150554749182
1.02915662651,2,0.152435125933
1.02915662651,3,0.153977923054
1.02915662651,4,0.15518420248
1.02915662651,5,0.15605568899
1.02915662651,6,0.156594759407
1.03068273092,-7,0.13594305408
1.03068273092,-6,0.140993719751
1.03068273092,-5,0.145654781283
1.03068273092,-4,0.149920761508
1.03068273092,-3,0.153787056865
1.03068273092,-2,0.15724995525
1.03068273092,-1,0.160306649544
1.03068273092,0,0.162955246703
1.03068273092,1,0.165194772375
1.03068273092,2,0.167025171001
1.03068273092,3,0.168447301442
1.03068273092,4,0.169462928158
1.03068273092,5,0.170074708068
1.03068273092,6,0.170286173186
1.03220883534,-7,0.146169670828
1.03220883534,-6,0.151973454512
1.03220883534,-5,0.157314194036
1.03220883534,-4,0.162184445473
1.03220883534,-3,0.166577916306
1.03220883534,-2,0.170489493346
1.03220883534,-1,0.1739152643
1.03220883534,0,0.176852532832
1.03220883534,1,0.179299826984
1.03220883534,2,0.181256900921
1.03220883534,3,0.18272473001
1.03220883534,4,0.183705499305
1.03220883534,5,0.184202585571
1.03220883534,6,0.184220533063
1.03373493976,-7,0.161020765366
1.03373493976,-6,0.167289364005
1.03373493976,-5,0.17300638865
1.03373493976,-4,0.178162907668
1.03373493976,-3,0.182751512619
1.03373493976,-2,0.186766354498
1.03373493976,-1,0.190203170666
1.03373493976,0,0.193059302237
1.03373493976,1,0.195333701796
1.03373493976,2,0.197026931387
1.03373493976,3,0.198141150864
1.03373493976,4,0.198680096745
1.03373493976,5,0.198649051854
1.03373493976,6,0.198054806082
1.03526104418,-7,0.175725385597
1.03526104418,-6,0.182518622152
1.03526104418,-5,0.188661862778
1.03526104418,-4,0.194144338608
1.03526104418,-3,0.198957262816
1.03526104418,-2,0.203093877917
1.03526104418,-1,0.206549489712
1.03526104418,0,0.209321487568
1.03526104418,1,0.211409350849
1.03526104418,2,0.212814641502
1.03526104418,3,0.213540982943
1.03526104418,4,0.213594025557
1.03526104418,5,0.212981399242
1.03526104418,6,0.211712653622
1.03678714859,-7,0.19106230661
1.03678714859,-6,0.198372636906
1.03678714859,-5,0.204922963848
1.03678714859,-4,0.210700497981
1.03678714859,-3,0.215694997945
1.03678714859,-2,0.219898830722
1.03678714859,-1,0.223307013054
1.03678714859,0,0.225917233609
1.03678714859,1,0.227729855711
1.03678714859,2,0.2287479007
1.03678714859,3,0.228977012219
1.03678714859,4,0.228425401965
1.03678714859,5,0.227103777666
1.03678714859,6,0.225025254238
1.03831325301,-7,0.199352007438
1.03831325301,-6,0.207932915232
1.03831325301,-5,0.215647539222
1.03831325301,-4,0.222478121144
1.03831325301,-3,0.228410053971
1.03831325301,-2,0.23343197925
1.03831325301,-1,0.237535859083
1.03831325301,0,0.240717021887
1.03831325301,1,0.242974181472
1.03831325301,2,0.244309429295
1.03831325301,3,0.244728200139
1.03831325301,4,0.244239211815
1.03831325301,5,0.242854379822
1.03831325301,6,0.24058870823
1.03983935743,-7,0.218403540889
1.03983935743,-6,0.227264600668
1.03983935743,-5,0.235120058865
1.03983935743,-4,0.241950399939
1.03983935743,-3,0.247740114678
1.03983935743,-2,0.25247781069
1.03983935743,-1,0.256156287766
1.03983935743,0,0.2587725772
1.03983935743,1,0.260327944687
1.03983935743,2,0.260827856925
1.03983935743,3,0.260281912621
1.03983935743,4,0.25870373908
1.03983935743,5,0.256110856044
1.03983935743,6,0.252524508911
1.04136546185,-7,0.23122708955
1.04136546185,-6,0.241062222701
1.04136546185,-5,0.249755344143
1.04136546185,-4,0.257282136794
1.04136546185,-3,0.263623208635
1.04136546185,-2,0.268764244324
1.04136546185,-1,0.272696110089
1.04136546185,0,0.275414910473
1.04136546185,1,0.276921996318
1.04136546185,2,0.277223924113
1.04136546185,3,0.276332367601
1.04136546185,4,0.274263983299
1.04136546185,5,0.271040232258
1.04136546185,6,0.266687161048
1.04289156627,-7,0.24802010898
1.04289156627,-6,0.258453841093
1.04289156627,-5,0.267587810286
1.04289156627,-4,0.27539409457
1.04289156627,-3,0.281850843705
1.04289156627,-2,0.286942462756
1.04289156627,-1,0.290659733515
1.04289156627,0,0.292999872033
1.04289156627,1,0.293966521661
1.04289156627,2,0.293569682074
1.04289156627,3,0.291825575808
1.04289156627,4,0.288756454913
1.04289156627,5,0.284390351261
1.04289156627,6,0.278760774906
1.04441767068,-7,0.258310473943
1.04441767068,-6,0.270149261883
1.04441767068,-5,0.280538337076
1.04441767068,-4,0.289441858938
1.04441767068,-3,0.296831245013
1.04441767068,-2,0.302685434535
1.04441767068,-1,0.306991072209
1.04441767068,0,0.309742609334
1.04441767068,1,0.310942320903
1.04441767068,2,0.310600238836
1.04441767068,3,0.30873400303
1.04441767068,4,0.305368633353
1.04441767068,5,0.300536227103
1.04441767068,6,0.294275587666
1.0459437751,-7,0.274352326471
1.0459437751,-6,0.286996911659
1.0459437751,-5,0.298013640564
1.0459437751,-4,0.307361072888
1.0459437751,-3,0.315006529695
1.0459437751,-2,0.320926416402
1.0459437751,-1,0.3251064426
1.0459437751,0,0.32754173506
1.0459437751,1,0.328236842351
1.0459437751,2,0.327205631604
1.0459437751,3,0.324471080004
1.0459437751,4,0.320064965625
1.0459437751,5,0.314027464012
1.0459437751,6,0.306406658599
1.04746987952,-7,0.297976392371
1.04746987952,-6,0.310484870149
1.04746987952,-5,0.321148161362
1.04746987952,-4,0.329924182465
1.04746987952,-3,0.336781563932
1.04746987952,-2,0.341699972764
1.04746987952,-1,0.344670300374
1.04746987952,0,0.345694712764
1.04746987952,1,0.344786562763
1.04746987952,2,0.34197016692
1.04746987952,3,0.337280452366
1.04746987952,4,0.330762481514
1.04746987952,5,0.322470864769
1.04746987952,6,0.312469073408
1.04899598394,-7,0.301299119929
1.04899598394,-6,0.316329683907
1.04899598394,-5,0.329361062482
1.04899598394,-4,0.340334517622
1.04899598394,-3,0.34920356159
1.04899598394,-2,0.355934486555
1.04899598394,-1,0.360506730471
1.04899598394,0,0.362913072291
1.04899598394,1,0.363159653243
1.04899598394,2,0.361265824741
1.04899598394,3,0.357263827215
1.04899598394,4,0.351198307739
1.04899598394,5,0.343125687657
1.04899598394,6,0.333113394329
1.05052208835,-7,0.329082577989
1.05052208835,-6,0.343477103646
1.05052208835,-5,0.355610633254
1.05052208835,-4,0.365426527973
1.05052208835,-3,0.372883062742
1.05052208835,-2,0.377953915799
1.05052208835,-1,0.380628446808
1.05052208835,0,0.380911758444
1.05052208835,1,0.378824541296
1.05052208835,2,0.374402706887
1.05052208835,3,0.367696818358
1.05052208835,4,0.358771332789
1.05052208835,5,0.347703673026
1.05052208835,6,0.334583150202
1.05204819277,-7,0.334957690858
1.05204819277,-6,0.35171376499
1.05204819277,-5,0.366027558149
1.05204819277,-4,0.377824484377
1.05204819277,-3,0.387046919952
1.05204819277,-2,0.393654940639
1.05204819277,-1,0.397626804484
1.05204819277,0,0.398959170038
1.05204819277,1,0.397667046306
1.05204819277,2,0.393783477169
1.05204819277,3,0.38735896937
1.05204819277,4,0.378460679135
1.05204819277,5,0.367171377893
1.05204819277,6,0.353588222257
1.05357429719,-7,0.351816555882
1.05357429719,-6,0.36946475864
1.05357429719,-5,0.38443100161
1.05357429719,-4,0.396631785502
1.05357429719,-3,0.406003359163
1.05357429719,-2,0.412502580763
1.05357429719,-1,0.416107466522
1.05357429719,0,0.416817415008
1.05357429719,1,0.41465310317
1.05357429719,2,0.409656058625
1.05357429719,3,0.401887920769
1.05357429719,4,0.391429410852
1.05357429719,5,0.378379037955
1.05357429719,6,0.362851573583
1.05510040161,-7,0.362545348512
1.05510040161,-6,0.381961364179
1.05510040161,-5,0.398476153581
1.05510040161,-4,0.41199002969
1.05510040161,-3,0.422425775081
1.05510040161,-2,0.429729751269
1.05510040161,-1,0.433872634233
1.05510040161,0,0.434849758938
1.05510040161,1,0.432681065942
1.05510040161,2,0.42741065375
1.05510040161,3,0.419105950865
1.05510040161,4,0.407856531222
1.05510040161,5,0.393772605457
1.05510040161,6,0.376983227989
1.05662650602,-7,0.388034377236
1.05662650602,-6,0.407132509738
1.05662650602,-5,0.423020350017
1.05662650602,-4,0.435597680725
1.05662650602,-3,0.444790700122
1.05662650602,-2,0.450553120776
1.05662650602,-1,0.452866807446
1.05662650602,0,0.451741939183
1.05662650602,1,0.447216693765
1.05662650602,2,0.439356465751
1.05662650602,3,0.428252641997
1.05662650602,4,0.414020970084
1.05662650602,5,0.39679956524
1.05662650602,6,0.376746609697
1.05815261044,-7,0.408446860569
1.05815261044,-6,0.427887091148
1.05815261044,-5,0.443821336779
1.05815261044,-4,0.456143729157
1.05815261044,-3,0.464778824499
1.05815261044,-2,0.469682772797
1.05815261044,-1,0.470843932426
1.05815261044,0,0.468282915456
1.05815261044,1,0.462052065376
1.05815261044,2,0.452234385068
1.05815261044,3,0.438941948252
1.05815261044,4,0.422313841535
1.05815261044,5,0.402513696123
1.05815261044,6,0.379726877859
1.05967871486,-7,0.423748528174
1.05967871486,-6,0.44434025153
1.05967871486,-5,0.461147773655
1.05967871486,-4,0.474052205278
1.05967871486,-3,0.482969097764
1.05967871486,-2,0.487849818909
1.05967871486,-1,0.488682273373
1.05967871486,0,0.48549094965
1.05967871486,1,0.478336295549
1.05967871486,2,0.467313443989
1.05967871486,3,0.452550329744
1.05967871486,4,0.434205254798
1.05967871486,5,0.412463974558
1.05967871486,6,0.387536388702
1.06120481928,-7,0.433366864189
1.06120481928,-6,0.456047731172
1.06120481928,-5,0.474692808446
1.06120481928,-4,0.489160596616
1.06120481928,-3,0.499347904081
1.06120481928,-2,0.505191626323
1.06120481928,-1,0.506669765087
1.06120481928,0,0.503801659786
1.06120481928,1,0.49664742767
1.06120481928,2,0.485306633618
1.06120481928,3,0.469916233619
1.06120481928,4,0.450647857302
1.06120481928,5,0.427704513218
1.06120481928,6,0.401316815352
1.06273092369,-7,0.46192424476
1.06273092369,-6,0.483484336991
1.06273092369,-5,0.500623978158
1.06273092369,-4,0.513209205034
1.06273092369,-3,0.52115020962
1.06273092369,-2,0.524402920334
1.06273092369,-1,0.52296967638
1.06273092369,0,0.516898977797
1.06273092369,1,0.506284323023
1.06273092369,2,0.491262174576
1.06273092369,3,0.472009120225
1.06273092369,4,0.448738320768
1.06273092369,5,0.421695355227
1.06273092369,6,0.391153589123
1.06425702811,-7,0.460207294876
1.06425702811,-6,0.485833397709
1.06425702811,-5,0.506849551044
1.06425702811,-4,0.523077123893
1.06425702811,-3,0.534385039941
1.06425702811,-2,0.540692251475
1.06425702811,-1,0.54196919617
1.06425702811,0,0.538238193151
1.06425702811,1,0.529572769397
1.06425702811,2,0.516095942545
1.06425702811,3,0.497977519818
1.06425702811,4,0.475430503639
1.06425702811,5,0.448706721189
1.06425702811,6,0.418091816571
1.06578313253,-7,0.479338449669
1.06578313253,-6,0.505478117572
1.06578313253,-5,0.526665788678
1.06578313253,-4,0.542712958938
1.06578313253,-3,0.553484429143
1.06578313253,-2,0.558900953018
1.06578313253,-1,0.558940706109
1.06578313253,0,0.553639530066
1.06578313253,1,0.543089948121
1.06578313253,2,0.527438988804
1.06578313253,3,0.506884894433
1.06578313253,4,0.481672826741
1.06578313253,5,0.452089712588
1.06578313253,6,0.418458396749
1.06730923695,-7,0.493440159089
1.06730923695,-6,0.520903924717
1.06730923695,-5,0.543101732681
1.06730923695,-4,0.55982603407
1.06730923695,-3,0.570928143112
1.06730923695,-2,0.57632126861
1.06730923695,-1,0.575982200255
1.06730923695,0,0.56995159536
1.06730923695,1,0.558332859842
1.06730923695,2,0.541289665764
1.06730923695,3,0.519042194219
1.06730923695,4,0.491862234513
1.06730923695,5,0.460067306615
1.06730923695,6,0.424014002029
1.06883534137,-7,0.502061836871
1.06883534137,-6,0.531756398011
1.06883534137,-5,0.555908430231
1.06883534137,-4,0.574280089012
1.06883534137,-3,0.586697551279
1.06883534137,-2,0.593054707913
1.06883534137,-1,0.593315346955
1.06883534137,0,0.587513753637
1.06883534137,1,0.575753709119
1.06883534137,2,0.558205926522
1.06883534137,3,0.53510401766
1.06883534137,4,0.506739134229
1.06883534137,5,0.473453470648
1.06883534137,6,0.435632850263
1.07036144578,-7,0.537243440026
1.07036144578,-6,0.564376035945
1.07036144578,-5,0.585460542189
1.07036144578,-4,0.600284272127
1.07036144578,-3,0.608707657107
1.07036144578,-2,0.610667281538
1.07036144578,-1,0.606177151012
1.07036144578,0,0.595328149733
1.07036144578,1,0.57828570912
1.07036144578,2,0.555285773999
1.07036144578,3,0.526629213316
1.07036144578,4,0.492674875598
1.07036144578,5,0.453831533095
1.07036144578,6,0.410548990578
1.0718875502,-7,0.536125358875
1.0718875502,-6,0.567314326232
1.0718875502,-5,0.592246314095
1.0718875502,-4,0.610654447323
1.0718875502,-3,0.622349469381
1.0718875502,-2,0.627224051816
1.0718875502,-1,0.625255169634
1.0718875502,0,0.616504455816
1.0718875502,1,0.601116522569
1.0718875502,2,0.57931531222
1.0718875502,3,0.551398613023
1.0718875502,4,0.517730941028
1.0718875502,5,0.478735045188
1.0718875502,6,0.434882336444
1.07341365462,-7,0.563064088789
1.07341365462,-6,0.593007727834
1.07341365462,-5,0.616233765937
1.07341365462,-4,0.632485606651
1.07341365462,-3,0.641593212543
1.07341365462,-2,0.643477097481
1.07341365462,-1,0.63815011112
1.07341365462,0,0.625716947176
1.07341365462,1,0.606371392793
1.07341365462,2,0.580391421635
1.07341365462,3,0.548132313916
1.07341365462,4,0.510018058225
1.07341365462,5,0.46653134911
1.07341365462,6,0.418202538111
1.07493975904,-7,0.549549880685
1.07493975904,-6,0.585641473186
1.07493975904,-5,0.614924333371
1.07493975904,-4,0.637056655329
1.07493975904,-3,0.65178576167
1.07493975904,-2,0.658954256009
1.07493975904,-1,0.658503840605
1.07493975904,0,0.650476649955
1.07493975904,1,0.635014045246
1.07493975904,2,0.612352912147
1.07493975904,3,0.582819600615
1.07493975904,4,0.54682173507
1.07493975904,5,0.504838201844
1.07493975904,6,0.457407684096
1.07646586345,-7,0.567656364959
1.07646586345,-6,0.604168351229
1.07646586345,-5,0.633478908161
1.07646586345,-4,0.655233307585
1.07646586345,-3,0.669174149144
1.07646586345,-2,0.675147828937
1.07646586345,-1,0.673108399879
1.07646586345,0,0.663118667034
1.07646586345,1,0.645348467714
1.07646586345,2,0.620070196474
1.07646586345,3,0.587651743239
1.07646586345,4,0.548547113263
1.07646586345,5,0.503285084781
1.07646586345,6,0.452456329686
1.07799196787,-7,0.581074876659
1.07799196787,-6,0.618745015012
1.07799196787,-5,0.648860571925
1.07799196787,-4,0.67104365115
1.07799196787,-3,0.685021344116
1.07799196787,-2,0.690632799844
1.07799196787,-1,0.687833420712
1.07799196787,0,0.676696007604
1.07799196787,1,0.657408797284
1.07799196787,2,0.630270458586
1.07799196787,3,0.595682235755
1.07799196787,4,0.554137540397
1.07799196787,5,0.50620939194
1.07799196787,6,0.452536184755
1.07951807229,-7,0.589602100466
1.07951807229,-6,0.629234204295
1.07951807229,-5,0.661005061794
1.07951807229,-4,0.6845016077
1.07951807229,-3,0.699422678037
1.07951807229,-2,0.705587033246
1.07951807229,-1,0.702938256455
1.07951807229,0,0.691546315254
1.07951807229,1,0.671605707079
1.07951807229,2,0.643430246334
1.07951807229,3,0.607444688202
1.07951807229,4,0.564173512475
1.07951807229,5,0.514227303414
1.07951807229,6,0.458287252295
1.08104417671,-7,0.635246605389
1.08104417671,-6,0.669578061679
1.08104417671,-5,0.695336917616
1.08104417671,-4,0.712179311483
1.08104417671,-3,0.719888517347
1.08104417671,-2,0.718380983151
1.08104417671,-1,0.707708755964
1.08104417671,0,0.688058172297
1.08104417671,1,0.659744843744
1.08104417671,2,0.623205121654
1.08104417671,3,0.578984370525
1.08104417671,4,0.527722510239
1.08104417671,5,0.470137394552
1.08104417671,6,0.407006671268
1.08257028112,-7,0.636139262257
1.08257028112,-6,0.673969765175
1.08257028112,-5,0.702986272081
1.08257028112,-4,0.722786494646
1.08257028112,-3,0.733101431775
1.08257028112,-2,0.733803044395
1.08257028112,-1,0.724908067549
1.08257028112,0,0.706577772431
1.08257028112,1,0.67911365707
1.08257028112,2,0.642949214974
1.08257028112,3,0.59863809681
1.08257028112,4,0.546839131828
1.08257028112,5,0.488298804229
1.08257028112,6,0.423831877539
1.08409638554,-7,0.631028219258
1.08409638554,-6,0.673301997151
1.08409638554,-5,0.706594999037
1.08409638554,-4,0.730430106229
1.08409638554,-3,0.744468019944
1.08409638554,-2,0.748517109014
1.08409638554,-1,0.742539196272
1.08409638554,0,0.726651005422
1.08409638554,1,0.701121167782
1.08409638554,2,0.666362875412
1.08409638554,3,0.622922453818
1.08409638554,4,0.571464303062
1.08409638554,5,0.512752810359
1.08409638554,6,0.447631960777
1.08562248996,-7,0.666450207177
1.08562248996,-6,0.705031798314
1.08562248996,-5,0.733994033633
1.08562248996,-4,0.752908781609
1.08562248996,-3,0.761500500681
1.08562248996,-2,0.759654626218
1.08562248996,-1,0.747421385905
1.08562248996,0,0.725014833085
1.08562248996,1,0.692807088681
1.08562248996,2,0.651317989277
1.08562248996,3,0.601200540089
1.08562248996,4,0.543222755176
1.08562248996,5,0.478246622109
1.08562248996,6,0.40720504463
1.08714859438,-7,0.652083229704
1.08714859438,-6,0.696919918746
1.08714859438,-5,0.732082146497
1.08714859438,-4,0.757034943916
1.08714859438,-3,0.771398204613
1.08714859438,-2,0.774958295978
1.08714859438,-1,0.767674964752
1.08714859438,0,0.749683185687
1.08714859438,1,0.721289812031
1.08714859438,2,0.682965110581
1.08714859438,3,0.635329489921
1.08714859438,4,0.579135945262
1.08714859438,5,0.515248933884
1.08714859438,6,0.444620549533
1.0886746988,-7,0.680688480034
1.0886746988,-6,0.723059292185
1.0886746988,-5,0.755178194145
1.0886746988,-4,0.77654079397
1.0886746988,-3,0.786811595462
1.0886746988,-2,0.785834700601
1.0886746988,-1,0.773639297535
1.0886746988,0,0.750439625023
1.0886746988,1,0.716629338998
1.0886746988,2,0.672770453506
1.0886746988,3,0.619577272962
1.0886746988,4,0.557895960916
1.0886746988,5,0.488680588088
1.0886746988,6,0.412966656125
1.09020080321,-7,0.654647124893
1.09020080321,-6,0.70511564675
1.09020080321,-5,0.7454429999
1.09020080321,-4,0.774983392547
1.09020080321,-3,0.7932581124
1.09020080321,-2,0.799970643505
1.09020080321,-1,0.795016585091
1.09020080321,0,0.778487864104
1.09020080321,1,0.750670968866
1.09020080321,2,0.712039190611
1.09020080321,3,0.663239128901
1.09020080321,4,0.605071980841
1.09020080321,5,0.538470376613
1.09020080321,6,0.4644717292
1.09172690763,-7,0.676357634581
1.09172690763,-6,0.725786207961
1.09172690763,-5,0.764571680694
1.09172690763,-4,0.792074226359
1.09172690763,-3,0.807833841718
1.09172690763,-2,0.811585363433
1.09172690763,-1,0.803267805141
1.09172690763,0,0.783027509707
1.09172690763,1,0.751214871293
1.09172690763,2,0.708374665629
1.09172690763,3,0.655230319331
1.09172690763,4,0.59266273348
1.09172690763,5,0.521684535113
1.09172690763,6,0.443410845528
1.09325301205,-7,0.6941267372
1.09325301205,-6,0.743039624538
1.09325301205,-5,0.780851942084
1.09325301205,-4,0.806921838785
1.09325301205,-3,0.820799181226
1.09325301205,-2,0.822240720937
1.09325301205,-1,0.811219123362
1.09325301205,0,0.787925344192
1.09325301205,1,0.752764121936
1.09325301205,2,0.706342663763
1.09325301205,3,0.649452918235
1.09325301205,4,0.583048135092
1.09325301205,5,0.508214689007
1.09325301205,6,0.42614037234
1.09477911647,-7,0.708140809033
1.09477911647,-6,0.757118153244
1.09477911647,-5,0.794582141609
1.09477911647,-4,0.819879277466
1.09477911647,-3,0.832558784543
1.09477911647,-2,0.832388240287
1.09477911647,-1,0.819362637611
1.09477911647,0,0.793706336171
1.09477911647,1,0.755867669742
1.09477911647,2,0.706506308814
1.09477911647,3,0.646473819367
1.09477911647,4,0.576788189625
1.09477911647,5,0.498603394937
1.09477911647,6,0.413175315856
1.09630522088,-7,0.718490621681
1.09630522088,-6,0.768156752875
1.09630522088,-5,0.805943003291
1.09630522088,-4,0.831173216268
1.09630522088,-3,0.843383978672
1.09630522088,-2,0.842341093143
1.09630522088,-1,0.828049075966
1.09630522088,0,0.800753098648
1.09630522088,1,0.760933117484
1.09630522088,2,0.709290292187
1.09630522088,3,0.6467261627
1.09630522088,4,0.574315410977
1.09630522088,5,0.493273358231
1.09630522088,6,0.404919614681
1.0978313253,-7,0.725165662884
1.0978313253,-6,0.776177441706
1.0978313253,-5,0.814992288887
1.0978313253,-4,0.840899238554
1.0978313253,-3,0.853408966575
1.0978313253,-2,0.85227152339
1.0978313253,-1,0.837486728192
1.0978313253,0,0.809306578434
1.0978313253,1,0.768229373674
1.0978313253,2,0.714985632847
1.0978313253,3,0.650516279198
1.0978313253,4,0.575943954014
1.0978313253,5,0.492538673421
1.0978313253,6,0.401679336336
1.09935742972,-7,0.728052799744
1.09935742972,-6,0.781087629183
1.09935742972,-5,0.821662967707
1.09935742972,-4,0.84902004789
1.09935742972,-3,0.86262930661
1.09935742972,-2,0.862209838124
1.09935742972,-1,0.8477411941
1.09935742972,0,0.81946679766
1.09935742972,1,0.77788859931
1.09935742972,2,0.723753004478
1.09935742972,3,0.658028524763
1.09935742972,4,0.581876023192
1.09935742972,5,0.496612810465
1.09935742972,6,0.403672176234
1.10088353414,-7,0.726939018265
1.10088353414,-6,0.782682134253
1.10088353414,-5,0.825764571206
1.10088353414,-4,0.855366262801
1.10088353414,-3,0.870902294348
1.10088353414,-2,0.872044559995
1.10088353414,-1,0.858735517418
1.10088353414,0,0.831193196163
1.10088353414,1,0.789906988432
1.10088353414,2,0.735624172121
1.10088353414,3,0.669327564646
1.10088353414,4,0.592205156831
1.10088353414,5,0.505613000089
1.10088353414,6,0.411032986395
1.10240963855,-7,0.721518102616
1.10240963855,-6,0.780648783521
1.10240963855,-5,0.826987647811
1.10240963855,-4,0.859639725037
1.10240963855,-3,0.877949181644
1.10240963855,-2,0.881523673322
1.10240963855,-1,0.870250628557
1.10240963855,0,0.844304484774
1.10240963855,1,0.804144277645
1.10240963855,2,0.750501420399
1.10240963855,3,0.684357982743
1.10240963855,4,0.606916262395
1.10240963855,5,0.519560906012
1.10240963855,6,0.423815247385
1.10393574297,-7,0.774577628945
1.10393574297,-6,0.824911425955
1.10393574297,-5,0.861419485206
1.10393574297,-4,0.883359438147
1.10393574297,-3,0.890257194446
1.10393574297,-2,0.881926335773
1.10393574297,-1,0.858478242783
1.10393574297,0,0.820322198633
1.10393574297,1,0.768155158343
1.10393574297,2,0.702941366207
1.10393574297,3,0.625882517738
1.10393574297,4,0.538379667379
1.10393574297,5,0.441988543353
1.10393574297,6,0.338370310285
1.10546184739,-7,0.763973917867
1.10546184739,-6,0.81901493077
1.10546184739,-5,0.860170809591
1.10546184739,-4,0.886597478526
1.10546184739,-3,0.897721546686
1.10546184739,-2,0.893263377524
1.10546184739,-1,0.873250779423
1.10546184739,0,0.83802237616
1.10546184739,1,0.788220164442
1.10546184739,2,0.724771272915
1.10546184739,3,0.648859478276
1.10546184739,4,0.561887578681
1.10546184739,5,0.465432236265
1.10546184739,6,0.361193340127
1.10698795181,-7,0.748274973371
1.10698795181,-6,0.80869186799
1.10698795181,-5,0.855257663665
1.10698795181,-4,0.887012432555
1.10698795181,-3,0.903266412358
1.10698795181,-2,0.903627272853
1.10698795181,-1,0.888018026741
1.10698795181,0,0.856684434781
1.10698795181,1,0.810191197655
1.10698795181,2,0.749406740527
1.10698795181,3,0.675476958091
1.10698795181,4,0.589788868365
1.10698795181,5,0.493925686287
1.10698795181,6,0.389615331885
1.10851405622,-7,0.726871091012
1.10851405622,-6,0.793269576436
1.10851405622,-5,0.845959159397
1.10851405622,-4,0.883851612517
1.10851405622,-3,0.906124856992
1.10851405622,-2,0.912254871613
1.10851405622,-1,0.902038432579
1.10851405622,0,0.875605306582
1.10851405622,1,0.833418946141
1.10851405622,2,0.77626524616
1.10851405622,3,0.705229494159
1.10851405622,4,0.62166225606
1.10851405622,5,0.527135549413
1.10851405622,6,0.42339122459
1.11004016064,-7,0.772032250685
1.11004016064,-6,0.831490395077
1.11004016064,-5,0.876278321343
1.11004016064,-4,0.905427560871
1.11004016064,-3,0.918264598275
1.11004016064,-2,0.914438964161
1.11004016064,-1,0.89394091844
1.11004016064,0,0.857107507195
1.11004016064,1,0.804616271217
1.11004016064,2,0.737466458122
1.11004016064,3,0.656948218013
1.11004016064,4,0.564600912253
1.11004016064,5,0.462162294661
1.11004016064,6,0.351510886394
1.11156626506,-7,0.744248446406
1.11156626506,-6,0.811027961997
1.11156626506,-5,0.863394535339
1.11156626506,-4,0.900221936568
1.11156626506,-3,0.92067138567
1.11156626506,-2,0.924225397122
1.11156626506,-1,0.910711562267
1.11156626506,0,0.880314772294
1.11156626506,1,0.833576852528
1.11156626506,2,0.771383139619
1.11156626506,3,0.694936166744
1.11156626506,4,0.605717299213
1.11156626506,5,0.505437845108
1.11156626506,6,0.395981805282
1.11309236948,-7,0.783740141333
1.11309236948,-6,0.844268781226
1.11309236948,-5,0.8894967469
1.11309236948,-4,0.918407191708
1.11309236948,-3,0.930298030813
1.11309236948,-2,0.924812291778
1.11309236948,-1,0.901957205586
1.11309236948,0,0.86211068468
1.11309236948,1,0.806014368206
1.11309236948,2,0.734753038198
1.11309236948,3,0.649720899771
1.11309236948,4,0.552575939497
1.11309236948,5,0.445184283838
1.11309236948,6,0.329557119496
1.1146184739,-7,0.748821474092
1.1146184739,-6,0.817969209389
1.1146184739,-5,0.872212559389
1.1146184739,-4,0.910347769591
1.1146184739,-3,0.931473818522
1.1146184739,-2,0.935029618798
1.1146184739,-1,0.92082052231
1.1146184739,0,0.889032447121
1.1146184739,1,0.840232435453
1.1146184739,2,0.775355048904
1.1146184739,3,0.695674690211
1.1146184739,4,0.602764682366
1.1146184739,5,0.498444695732
1.1146184739,6,0.384718840103
1.11614457831,-7,0.783601453579
1.11614457831,-6,0.847337983449
1.11614457831,-5,0.895346014412
1.11614457831,-4,0.926515615849
1.11614457831,-3,0.940065577309
1.11614457831,-2,0.935577664493
1.11614457831,-1,0.913019026096
1.11614457831,0,0.872751184504
1.11614457831,1,0.815524596531
1.11614457831,2,0.742458427732
1.11614457831,3,0.655005923973
1.11614457831,4,0.554906554159
1.11614457831,5,0.444126892103
1.11614457831,6,0.324792943953
1.11767068273,-7,0.740350383186
1.11767068273,-6,0.813891148741
1.11767068273,-5,0.872271741022
1.11767068273,-4,0.914168826788
1.11767068273,-3,0.938569868492
1.11767068273,-2,0.944815207889
1.11767068273,-1,0.93262914903
1.11767068273,0,0.902138106646
1.11767068273,1,0.853874380101
1.11767068273,2,0.788764725156
1.11767068273,3,0.708103611336
1.11767068273,4,0.613511847441
1.11767068273,5,0.506882093902
1.11767068273,6,0.390313605027
1.11919678715,-7,0.770985324386
1.11919678715,-6,0.840057178539
1.11919678715,-5,0.893205173672
1.11919678715,-4,0.929180291656
1.11919678715,-3,0.94706890034
1.11919678715,-2,0.946332618063
1.11919678715,-1,0.926836080983
1.11919678715,0,0.888860758586
1.11919678715,1,0.833103512009
1.11919678715,2,0.760659258176
1.11919678715,3,0.672987874435
1.11919678715,4,0.571866325935
1.11919678715,5,0.459327877821
1.11919678715,6,0.337591105594
1.12072289157,-7,0.79774682962
1.12072289157,-6,0.862472659425
1.12072289157,-5,0.910571018407
1.12072289157,-4,0.940868428053
1.12072289157,-3,0.952549804948
1.12072289157,-2,0.945195982801
1.12072289157,-1,0.918808101192
1.12072289157,0,0.873817091673
1.12072289157,1,0.81107709324
1.12072289157,2,0.731842351436
1.12072289157,3,0.637727981568
1.12072289157,4,0.53065587548
1.12072289157,5,0.412787953367
1.12072289157,6,0.286449837749
1.12224899598,-7,0.744549685835
1.12224899598,-6,0.82095007092
1.12224899598,-5,0.881507514316
1.12224899598,-4,0.924790754328
1.12224899598,-3,0.949701357646
1.12224899598,-2,0.955520756324
1.12224899598,-1,0.941945377136
1.12224899598,0,0.909107662338
1.12224899598,1,0.857581299703
1.12224899598,2,0.788369630022
1.12224899598,3,0.702876974334
1.12224899598,4,0.602863502553
1.12224899598,5,0.490385214835
1.12224899598,6,0.367721570422
1.1237751004,-7,0.767803648662
1.1237751004,-6,0.840906106758
1.1237751004,-5,0.897520519343
1.1237751004,-4,0.936267201141
1.1237751004,-3,0.956120712566
1.1237751004,-2,0.95645548
1.1237751004,-1,0.937078550405
1.1237751004,0,0.898247321694
1.1237751004,1,0.84067065207
1.1237751004,2,0.765492447864
1.1237751004,3,0.674257653254
1.1237751004,4,0.568861497015
1.1237751004,5,0.451483851661
1.1237751004,6,0.324511564998
1.12530120482,-7,0.787895408385
1.12530120482,-6,0.857915095178
1.12530120482,-5,0.910852948862
1.12530120482,-4,0.94537881725
1.12530120482,-3,0.960536807068
1.12530120482,-2,0.955789509196
1.12530120482,-1,0.931048459068
1.12530120482,0,0.886688714677
1.12530120482,1,0.823546035419
1.12530120482,2,0.742895884298
1.12530120482,3,0.646414347928
1.12530120482,4,0.536122052294
1.12530120482,5,0.414313203429
1.12530120482,6,0.283472928807
1.12682730924,-7,0.805071038473
1.12682730924,-6,0.872260856295
1.12682730924,-5,0.921823650562
1.12682730924,-4,0.952475477867
1.12682730924,-3,0.963325303549
1.12682730924,-2,0.953917910213
1.12682730924,-1,0.924262201368
1.12682730924,0,0.87484281926
1.12682730924,1,0.806613631701
1.12682730924,2,0.720972421993
1.12682730924,3,0.619717034213
1.12682730924,4,0.504984261287
1.12682730924,5,0.379173866355
1.12682730924,6,0.244861218052
1.12835341365,-7,0.73838796325
1.12835341365,-6,0.819561539408
1.12835341365,-5,0.884206645898
1.12835341365,-4,0.930725370543
1.12835341365,-3,0.957875512195
1.12835341365,-2,0.964825113823
1.12835341365,-1,0.951194184143
1.12835341365,0,0.917081033171
1.12835341365,1,0.863071170382
1.12835341365,2,0.790227380664
1.12835341365,3,0.700060409341
1.12835341365,4,0.594480650384
1.12835341365,5,0.475732318631
1.12835341365,6,0.346312743181
1.12987951807,-7,0.752161946641
1.12987951807,-6,0.831579257118
1.12987951807,-5,0.893991993648
1.12987951807,-4,0.937822148607
1.12987951807,-3,0.961863788599
1.12987951807,-2,0.965337296557
1.12987951807,-1,0.947930082475
1.12987951807,0,0.909821185241
1.12987951807,1,0.851687734603
1.12987951807,2,0.774691935194
1.12987951807,3,0.680448084075
1.12987951807,4,0.57097013903
1.12987951807,5,0.448601493108
1.12987951807,6,0.315929822411
1.13140562249,-7,0.763364971599
1.13140562249,-6,0.841315216799
1.13140562249,-5,0.901830460625
1.13140562249,-4,0.943347612963
1.13140562249,-3,0.96469065388
1.13140562249,-2,0.965124737445
1.13140562249,-1,0.944396108297
1.13140562249,0,0.902755244503
1.13140562249,1,0.840961204936
1.13140562249,2,0.760265874136
1.13140562249,3,0.662377676899
1.13140562249,4,0.549405381579
1.13140562249,5,0.423783800931
1.13140562249,6,0.288184468127
1.13293172691,-7,0.772145172801
1.13293172691,-6,0.848937255292
1.13293172691,-5,0.907908178839
1.13293172691,-4,0.947504018141
1.13293172691,-3,0.966571554272
1.13293172691,-2,0.9644124271
1.13293172691,-1,0.940822509835
1.13293172691,0,0.896113902911
1.13293172691,1,0.831117522156
1.13293172691,2,0.747164987744
1.13293172691,3,0.646049425494
1.13293172691,4,0.529965877342
1.13293172691,5,0.401433259116
1.13293172691,6,0.263201132103
1.13445783133,-7,0.778630429708
1.13445783133,-6,0.85458884179
1.13445783133,-5,0.912383047404
1.13445783133,-4,0.950461887748
1.13445783133,-3,0.967687189304
1.13445783133,-2,0.963388180633
1.13445783133,-1,0.937400607054
1.13445783133,0,0.890087915919
1.13445783133,1,0.822342470699
1.13445783133,2,0.735565495077
1.13445783133,3,0.63162537456
1.13445783133,4,0.512795064006
1.13445783133,5,0.381670641638
1.13445783133,6,0.24107444043
1.13598393574,-7,0.782927497783
1.13598393574,-6,0.858388486408
1.13598393574,-5,0.915384474666
1.13598393574,-4,0.952360142943
1.13598393574,-3,0.968184073533
1.13598393574,-2,0.962203670996
1.13598393574,-1,0.934284323845
1.13598393574,0,0.884830147213
1.13598393574,1,0.814784233959
1.13598393574,2,0.725607090396
1.13598393574,3,0.619232875192
1.13598393574,4,0.498004212811
1.13598393574,5,0.364587694845
1.13598393574,6,0.221873636977
1.13751004016,-7,0.785121670251
1.13751004016,-6,0.860429647735
1.13751004016,-5,0.917013571039
1.13751004016,-4,0.953306616974
1.13751004016,-3,0.9681754042
1.13751004016,-2,0.960975674369
1.13751004016,-1,0.93159182713
1.13751004016,0,0.880457607103
1.13751004016,1,0.808555825486
1.13751004016,2,0.717395747259
1.13751004016,3,0.608967727469
1.13751004016,4,0.485675860264
1.13751004016,5,0.35025079422
1.13751004016,6,0.205646387743
1.13903614458,-7,0.785276898115
1.13903614458,-6,0.86078106264
1.13903614458,-5,0.917343712864
1.13903614458,-4,0.953378874721
1.13903614458,-3,0.967742154324
1.13903614458,-2,0.95978744974
1.13903614458,-1,0.929407199797
1.13903614458,0,0.877053418507
1.13903614458,1,0.80373733937
1.13903614458,2,0.711006235172
1.13903614458,3,0.600896934765
1.13903614458,4,0.475866760347
1.13903614458,5,0.338704043459
1.13903614458,6,0.192421965114
1.140562249,-7,0.783436305424
1.140562249,-6,0.859487433689
1.140562249,-5,0.916421412321
1.140562249,-4,0.952625273455
1.140562249,-3,0.966934330151
1.140562249,-2,0.958690195903
1.140562249,-1,0.927782096654
1.140562249,0,0.874668667242
1.140562249,1,0.800377985538
1.140562249,2,0.706484324954
1.140562249,3,0.595061057692
1.140562249,4,0.468610358041
1.140562249,5,0.329971830406
1.140562249,6,0.182213840845
1.14208835341,-7,0.779623045765
1.14208835341,-6,0.856570420817
1.14208835341,-5,0.914267441917
1.14208835341,-4,0.951066216471
1.14208835341,-3,0.965772348991
1.14208835341,-2,0.957704547461
1.14208835341,-1,0.926737351598
1.14208835341,0,0.873324112413
1.14208835341,1,0.798497894186
1.14208835341,2,0.703848676239
1.14208835341,3,0.591476170872
1.14208835341,4,0.463918797591
1.14208835341,5,0.324060863887
1.14208835341,6,0.175021722478
1.14361445783,-7,0.773841454299
1.14361445783,-6,0.85202989407
1.14361445783,-5,0.91087817401
1.14361445783,-4,0.94869556474
1.14361445783,-3,0.964248508234
1.14361445783,-2,0.956822087057
1.14361445783,-1,0.926264520271
1.14361445783,0,0.873011748622
1.14361445783,1,0.798089688814
1.14361445783,2,0.703092414363
1.14361445783,3,0.590135437607
1.14361445783,4,0.461784488352
1.14361445783,5,0.320961721884
1.14361445783,6,0.170833071122
1.14514056225,-7,0.766078456975
1.14514056225,-6,0.845845413055
1.14514056225,-5,0.90622710599
1.14514056225,-4,0.945482183085
1.14514056225,-3,0.962328528649
1.14514056225,-2,0.956006864031
1.14514056225,-1,0.926327355718
1.14514056225,0,0.873696224813
1.14514056225,1,0.79911983963
1.14514056225,2,0.704184414971
1.14514056225,3,0.591010326806
1.14514056225,4,0.462181258052
1.14514056225,5,0.320649945864
1.14514056225,6,0.169624139887
1.14666666667,-7,0.756305204728
1.14666666667,-6,0.837977906031
1.14666666667,-5,0.90026655012
1.14666666667,-4,0.94137160674
1.14666666667,-3,0.959953165186
1.14666666667,-2,0.955196920305
1.14666666667,-1,0.926863225345
1.14666666667,0,0.875316135088
1.14666666667,1,0.801529819077
1.14666666667,2,0.707070323591
1.14666666667,3,0.594051503873
1.14666666667,4,0.465065128619
1.14666666667,5,0.323086718989
1.14666666667,6,0.171360572577
1.14819277108,-7,0.744478905375
1.14819277108,-6,0.828371527364
1.14819277108,-5,0.892929473643
1.14819277108,-4,0.936287821407
1.14819277108,-3,0.957039886338
1.14819277108,-2,0.954305832592
1.14819277108,-1,0.927784485968
1.14819277108,0,0.877785205323
1.14819277108,1,0.805237089223
1.14819277108,2,0.711673344495
1.14819277108,3,0.599189433079
1.14819277108,4,0.470374753911
1.14819277108,5,0.328219168106
1.14819277108,6,0.175997602147
1.1497188755,-7,0.730544829578
1.1497188755,-6,0.816955676304
1.1497188755,-5,0.884131479534
1.1497188755,-4,0.9301351553
1.1497188755,-3,0.953484629003
1.1497188755,-2,0.953224286224
1.1497188755,-1,0.928979840186
1.1497188755,0,0.8809934058
1.1497188755,1,0.810135956957
1.1497188755,2,0.717894838919
1.1497188755,3,0.606334733762
1.1497188755,4,0.478031562179
1.1497188755,5,0.335980331237
1.1497188755,6,0.183479888292
1.15124497992,-7,0.71443846966
1.15124497992,-6,0.803647162864
1.15124497992,-5,0.873772921529
1.15124497992,-4,0.922800285255
1.15124497992,-3,0.949163639665
1.15124497992,-2,0.951821700189
1.15124497992,-1,0.930315701885
1.15124497992,0,0.884808024911
1.15124497992,1,0.816098337765
1.15124497992,2,0.725614777232
1.15124497992,3,0.61537833669
1.15124497992,4,0.487939649178
1.15124497992,5,0.346288834127
1.15124497992,6,0.193741033821
1.15277108434,-7,0.696087831381
1.15277108434,-6,0.788352508062
1.15277108434,-5,0.861741148699
1.15277108434,-4,0.914154360838
1.15277108434,-3,0.943935414915
1.15277108434,-2,0.949947925423
1.15277108434,-1,0.931637601495
1.15277108434,0,0.889074742097
1.15277108434,1,0.822974472241
1.15277108434,2,0.734692093195
1.15277108434,3,0.626191490319
1.15277108434,4,0.499985470778
1.15277108434,5,0.359048321488
1.15277108434,6,0.206702820285
1.15429718876,-7,0.770970366054
1.15429718876,-6,0.847912875144
1.15429718876,-5,0.904055250809
1.15429718876,-4,0.937642754884
1.15429718876,-3,0.947435039257
1.15429718876,-2,0.932771662841
1.15429718876,-1,0.893618739881
1.15429718876,0,0.830593641719
1.15429718876,1,0.744964991056
1.15429718876,2,0.63862566952
1.15429718876,3,0.514037386733
1.15429718876,4,0.374146690958
1.15429718876,5,0.222274204956
1.15429718876,6,0.0619812617244
1.15582329317,-7,0.75139405491
1.15582329317,-6,0.832156669503
1.15582329317,-5,0.892349915334
1.15582329317,-4,0.930114942241
1.15582329317,-3,0.944099258196
1.15582329317,-2,0.933526183133
1.15582329317,-1,0.898245895142
1.15582329317,0,0.838764930293
1.15582329317,1,0.756251257891
1.15582329317,2,0.652512441694
1.15582329317,3,0.529945110002
1.15582329317,4,0.391455180625
1.15582329317,5,0.240350123664
1.15582329317,6,0.0802069464064
1.15734939759,-7,0.72951418115
1.15734939759,-6,0.814335557035
1.15734939759,-5,0.878876905211
1.15734939759,-4,0.921170057239
1.15734939759,-3,0.939742989169
1.15734939759,-2,0.933693345874
1.15734939759,-1,0.902744088581
1.15734939759,0,0.847278080241
1.15734939759,1,0.76834863428
1.15734939759,2,0.667663346833
1.15734939759,3,0.547539118543
1.15734939759,4,0.410827364012
1.15734939759,5,0.260810147159
1.15734939759,6,0.101070361186
1.15887550201,-7,0.705221340762
1.15887550201,-6,0.794309724257
1.15887550201,-5,0.863468986266
1.15887550201,-4,0.910617435957
1.15887550201,-3,0.934157035998
1.15887550201,-2,0.933051093432
1.15887550201,-1,0.90688466889
1.15887550201,0,0.855904486259
1.15887550201,1,0.781035296027
1.15887550201,2,0.683869849043
1.15887550201,3,0.566630088729
1.15887550201,4,0.432098109681
1.15887550201,5,0.283517042514
1.15887550201,6,0.124464348027
1.16040160643,-7,0.678408876547
1.16040160643,-6,0.771939312698
1.16040160643,-5,0.845955883189
1.16040160643,-4,0.898260274626
1.16040160643,-3,0.927122973474
1.16040160643,-2,0.93136518168
1.16040160643,-1,0.910424104319
1.16040160643,0,0.864398371031
1.16040160643,1,0.794070497983
1.16040160643,2,0.700903416985
1.16040160643,3,0.587008411127
1.16040160643,4,0.455082565769
1.16040160643,5,0.308315295396
1.16040160643,6,0.150265732697
1.16192771084,-7,0.747087284419
1.16192771084,-6,0.826167132554
1.16192771084,-5,0.883898377937
1.16192771084,-4,0.918415696027
1.16192771084,-3,0.928391433762
1.16192771084,-2,0.913105849268
1.16192771084,-1,0.872498180412
1.16192771084,0,0.807195428166
1.16192771084,1,0.718515789514
1.16192771084,2,0.608443850222
1.16192771084,3,0.479575232529
1.16192771084,4,0.335029653489
1.16192771084,5,0.178333435013
1.16192771084,6,0.0132753563782
1.16345381526,-7,0.719622337757
1.16345381526,-6,0.803935029898
1.16345381526,-5,0.867331043643
1.16345381526,-4,0.907806141957
1.16345381526,-3,0.923878203659
1.16345381526,-2,0.914662447339
1.16345381526,-1,0.879928230954
1.16345381526,0,0.820134315993
1.16345381526,1,0.736439480259
1.16345381526,2,0.630685409314
1.16345381526,3,0.505349188069
1.16345381526,4,0.363463755676
1.16345381526,5,0.208506587305
1.16345381526,6,0.0442596325469
1.16497991968,-7,0.689421847421
1.16497991968,-6,0.779097650595
1.16497991968,-5,0.848360069933
1.16497991968,-4,0.895064187577
1.16497991968,-3,0.917569053201
1.16497991968,-2,0.914817885077
1.16497991968,-1,0.886400635657
1.16497991968,0,0.832595832667
1.16497991968,1,0.754388570792
1.16497991968,2,0.653461460067
1.16497991968,3,0.53215553337
1.16497991968,4,0.393398915291
1.16497991968,5,0.240602726401
1.16497991968,6,0.0775263220781
1.1665060241,-7,0.656374798781
1.1665060241,-6,0.751501919124
1.1665060241,-5,0.826792865982
1.1665060241,-4,0.879961698777
1.1665060241,-3,0.909205638522
1.1665060241,-2,0.913290202547
1.1665060241,-1,0.891617525855
1.1665060241,0,0.844274814474
1.1665060241,1,0.772059836314
1.1665060241,2,0.676480192776
1.1665060241,3,0.559723122207
1.1665060241,4,0.424593128446
1.1665060241,5,0.274416130103
1.1665060241,6,0.112911250263
1.16803212851,-7,0.72100669632
1.16803212851,-6,0.802445640164
1.16803212851,-5,0.862275720553
1.16803212851,-4,0.898530794124
1.16803212851,-3,0.90979435833
1.16803212851,-2,0.895273578156
1.16803212851,-1,0.854854331144
1.16803212851,0,0.78913424032
1.16803212851,1,0.699430438042
1.16803212851,2,0.587758639167
1.16803212851,3,0.456780379505
1.16803212851,4,0.309716373905
1.16803212851,5,0.150226110807
1.16803212851,6,0.0
1.16955823293,-7,0.687485849419
1.16955823293,-6,0.775146634667
1.16955823293,-5,0.841791778281
1.16955823293,-4,0.885291794765
1.16955823293,-3,0.904045337498
1.16955823293,-2,0.897058845709
1.16955823293,-1,0.864008111561
1.16955823293,0,0.805278825565
1.16955823293,1,0.721982903186
1.16955823293,2,0.61594708438
1.16955823293,3,0.489670314953
1.16955823293,4,0.346247186883
1.16955823293,5,0.18925655857
1.16955823293,6,0.0226174801098
1.17108433735,-7,0.650831265363
1.17108433735,-6,0.744739369917
1.17108433735,-5,0.818307258065
1.17108433735,-4,0.869243767752
1.17108433735,-3,0.895761482237
1.17108433735,-2,0.896661882925
1.17108433735,-1,0.871403328328
1.17108433735,0,0.820149018013
1.17108433735,1,0.743791857283
1.17108433735,2,0.643952716649
1.17108433735,3,0.522948353455
1.17108433735,4,0.38372568674
1.17108433735,5,0.229760591103
1.17108433735,6,0.064922093088
1.17261044177,-7,0.61095576389
1.17261044177,-6,0.711085857348
1.17261044177,-5,0.791634827571
1.17261044177,-4,0.850153220991
1.17261044177,-3,0.884668016067
1.17261044177,-2,0.893773142667
1.17261044177,-1,0.876703731343
1.17261044177,0,0.833391348508
1.17261044177,1,0.764497287314
1.17261044177,2,0.671420497111
1.17261044177,3,0.556276293814
1.17261044177,4,0.421842072344
1.17261044177,5,0.271467308307
1.17261044177,6,0.108947489214
1.17413654618,-7,0.674069734792
1.17413654618,-6,0.761605853449
1.17413654618,-5,0.827801645601
1.17413654618,-4,0.870500724529
1.17413654618,-3,0.888088615006
1.17413654618,-2,0.879573108939
1.17413654618,-1,0.844646584141
1.17413654618,0,0.783727534868
1.17413654618,1,0.697978063665
1.17413654618,2,0.589293473257
1.17413654618,3,0.460259847193
1.17413654618,4,0.314076140137
1.17413654618,5,0.154439217009
1.17413654618,6,0.0
1.1756626506,-7,0.633599275056
1.1756626506,-6,0.728073766866
1.1756626506,-5,0.801989146171
1.1756626506,-4,0.853009747931
1.1756626506,-3,0.879313667527
1.1756626506,-2,0.879679043909
1.1756626506,-1,0.853553248098
1.1756626506,0,0.801102408507
1.1756626506,1,0.723238252192
1.1756626506,2,0.621618516289
1.1756626506,3,0.498616638808
1.1756626506,4,0.357256629254
1.1756626506,5,0.20111044587
1.1756626506,6,0.0341581222511
1.17718875502,-7,0.589610215263
1.17718875502,-6,0.690917324815
1.17718875502,-5,0.772538046859
1.17718875502,-4,0.831963435507
1.17718875502,-3,0.867167038929
1.17718875502,-2,0.876696921154
1.17718875502,-1,0.859751493749
1.17718875502,0,0.816236751842
1.17718875502,1,0.74680216465
1.17718875502,2,0.652851699141
1.17718875502,3,0.536525666837
1.17718875502,4,0.400648848441
1.17718875502,5,0.248641246098
1.17718875502,6,0.0843902291415
1.17871485944,-7,0.65004371168
1.17871485944,-6,0.739296417575
1.17871485944,-5,0.807152205161
1.17871485944,-4,0.851384930785
1.17871485944,-3,0.870314134357
1.17871485944,-2,0.862887286514
1.17871485944,-1,0.828744432275
1.17871485944,0,0.768262766972
1.17871485944,1,0.68257793727
1.17871485944,2,0.573577896813
1.17871485944,3,0.443864520929
1.17871485944,4,0.296678532764
1.17871485944,5,0.135785130116
1.17871485944,6,0.0
1.18024096386,-7,0.605391423118
1.18024096386,-6,0.702141461388
1.18024096386,-5,0.778392348994
1.18024096386,-4,0.831725136771
1.18024096386,-3,0.860234431211
1.18024096386,-2,0.862616836047
1.18024096386,-1,0.838242700979
1.18024096386,0,0.787208982132
1.18024096386,1,0.710370383895
1.18024096386,2,0.609344897301
1.18024096386,3,0.486488895696
1.18024096386,4,0.344836759843
1.18024096386,5,0.1880012058
1.18024096386,6,0.0200334423331
1.18176706827,-7,0.660982701893
1.18176706827,-6,0.745529721817
1.18176706827,-5,0.807971144624
1.18176706827,-4,0.846182330659
1.18176706827,-3,0.858611212188
1.18176706827,-2,0.844356861617
1.18176706827,-1,0.803230226695
1.18176706827,0,0.735794607212
1.18176706827,1,0.643382396393
1.18176706827,2,0.528083409288
1.18176706827,3,0.392699435217
1.18176706827,4,0.240660189073
1.18176706827,5,0.0758981200526
1.18176706827,6,0.0
1.18329317269,-7,0.615764907581
1.18329317269,-6,0.708443247805
1.18329317269,-5,0.779936143329
1.18329317269,-4,0.827907541342
1.18329317269,-3,0.850561071128
1.18329317269,-2,0.84672517443
1.18329317269,-1,0.815921323482
1.18329317269,0,0.758413293651
1.18329317269,1,0.675234509991
1.18329317269,2,0.568189141608
1.18329317269,3,0.439821505868
1.18329317269,4,0.293348224743
1.18329317269,5,0.132549111989
1.18329317269,6,0.0
1.18481927711,-7,0.566470689034
1.18481927711,-6,0.667048179054
1.18481927711,-5,0.747466866471
1.18481927711,-4,0.805189307974
1.18481927711,-3,0.838181413582
1.18481927711,-2,0.845003913954
1.18481927711,-1,0.824887709643
1.18481927711,0,0.77779140559
1.18481927711,1,0.704438590384
1.18481927711,2,0.606331046318
1.18481927711,3,0.485732636454
1.18481927711,4,0.3456178805
1.18481927711,5,0.189579978587
1.18481927711,6,0.0216957939552
1.18634538153,-7,0.621299038957
1.18634538153,-6,0.710447201939
1.18634538153,-5,0.777840611379
1.18634538153,-4,0.821216294446
1.18634538153,-3,0.838872493221
1.18634538153,-2,0.829750849085
1.18634538153,-1,0.793501705347
1.18634538153,0,0.730530620593
1.18634538153,1,0.6420229084
1.18634538153,2,0.529941374309
1.18634538153,3,0.396991152844
1.18634538153,4,0.246545505649
1.18634538153,5,0.0825283271626
1.18634538153,6,0.0
1.18787148594,-7,0.571192182741
1.18787148594,-6,0.66880149794
1.18787148594,-5,0.745712148074
1.18787148594,-4,0.799443403086
1.18787148594,-3,0.828038564847
1.18787148594,-2,0.830153751493
1.18787148594,-1,0.805130544192
1.18787148594,0,0.753051059351
1.18787148594,1,0.674772953641
1.18787148594,2,0.571940161385
1.18787148594,3,0.446963478541
1.18787148594,4,0.302964323396
1.18787148594,5,0.143675964818
1.18787148594,6,0.0
1.18939759036,-7,0.622497495305
1.18939759036,-6,0.708696016122
1.18939759036,-5,0.772678434666
1.18939759036,-4,0.812243009713
1.18939759036,-3,0.825766497163
1.18939759036,-2,0.812283806287
1.18939759036,-1,0.771551024708
1.18939759036,0,0.704090009189
1.18939759036,1,0.61121112043
1.18939759036,2,0.49500872501
1.18939759036,3,0.358322654448
1.18939759036,4,0.204658841941
1.18939759036,5,0.038064588859
1.18939759036,6,0.0
1.19092369478,-7,0.571548816035
1.19092369478,-6,0.666729034948
1.19092369478,-5,0.740779175198
1.19092369478,-4,0.791264726451
1.19092369478,-3,0.816291667557
1.19092369478,-2,0.81459289328
1.19092369478,-1,0.785598692341
1.19092369478,0,0.729490092553
1.19092369478,1,0.647232511141
1.19092369478,2,0.540585094003
1.19092369478,3,0.41207918309
1.19092369478,4,0.264958502703
1.19092369478,5,0.103074817036
1.19092369478,6,0.0
1.1924497992,-7,0.516016938005
1.1924497992,-6,0.619795627607
1.1924497992,-5,0.703649225438
1.1924497992,-4,0.764925138934
1.1924497992,-3,0.801469585233
1.1924497992,-2,0.811720635863
1.1924497992,-1,0.794785778417
1.1924497992,0,0.750503290275
1.1924497992,1,0.679485724128
1.1924497992,2,0.583141834399
1.1924497992,3,0.46367099296
1.1924497992,4,0.324022524006
1.1924497992,5,0.167812468547
1.1924497992,6,0.0
1.19397590361,-7,0.567930194234
1.19397590361,-6,0.661241290962
1.19397590361,-5,0.733092343525
1.19397590361,-4,0.78108327279
1.19397590361,-3,0.803367023407
1.19397590361,-2,0.798733976595
1.19397590361,-1,0.76668077794
1.19397590361,0,0.707462658675
1.19397590361,1,0.622126624755
1.19397590361,2,0.512520474177
1.19397590361,3,0.381270376704
1.19397590361,4,0.231718808245
1.19397590361,5,0.0678159635455
1.19397590361,6,0.0
1.19550200803,-7,0.511218905253
1.19550200803,-6,0.613559966951
1.19550200803,-5,0.695684822031
1.19550200803,-4,0.754963047576
1.19550200803,-3,0.789274650852
1.19550200803,-2,0.797101224125
1.19550200803,-1,0.777601831123
1.19550200803,0,0.730673316024
1.19550200803,1,0.656993457043
1.19550200803,2,0.558043057076
1.19550200803,3,0.436100437282
1.19550200803,4,0.294199962982
1.19550200803,5,0.136046321986
1.19550200803,6,0.0
1.19702811245,-7,0.560663946405
1.19702811245,-6,0.652674649319
1.19702811245,-5,0.7229906759
1.19702811245,-4,0.769233792156
1.19702811245,-3,0.789587682097
1.19702811245,-2,0.782880682011
1.19702811245,-1,0.748653434555
1.19702811245,0,0.687210832347
1.19702811245,1,0.59965559163
1.19702811245,2,0.487898009291
1.19702811245,3,0.354633917383
1.19702811245,4,0.203281768805
1.19702811245,5,0.0378712398197
1.19702811245,6,0.0
1.19855421687,-7,0.502667579628
1.19855421687,-6,0.604090125819
1.19855421687,-5,0.685103016113
1.19855421687,-4,0.743087020041
1.19855421687,-3,0.775941328192
1.19855421687,-2,0.782173088104
1.19855421687,-1,0.760971997012
1.19855421687,0,0.712270068866
1.19855421687,1,0.636785162484
1.19855421687,2,0.53604416514
1.19855421687,3,0.412378728643
1.19855421687,4,0.268884355494
1.19855421687,5,0.109333676083
1.19855421687,6,0.0
1.20008032129,-7,0.550017764527
1.20008032129,-6,0.641295083315
1.20008032129,-5,0.710733301074
1.20008032129,-4,0.755963074939
1.20008032129,-3,0.77518249595
1.20008032129,-2,0.767238452379
1.20008032129,-1,0.731693523436
1.20008032129,0,0.668878112006
1.20008032129,1,0.579925179142
1.20008032129,2,0.466781768493
1.20008032129,3,0.332188617572
1.20008032129,4,0.179617873497
1.20008032129,5,0.0131604347577
1.20008032129,6,0.0
1.2016064257,-7,0.490603559914
1.2016064257,-6,0.591622468974
1.2016064257,-5,0.672131501715
1.2016064257,-4,0.729511340316
1.2016064257,-3,0.761665702143
1.2016064257,-2,0.767109514454
1.2016064257,-1,0.745042539683
1.2016064257,0,0.695409039565
1.2016064257,1,0.618942295581
1.2016064257,2,0.517189748037
1.2016064257,3,0.392511120151
1.2016064257,4,0.24803947487
1.2016064257,5,0.0875950726888
1.2016064257,6,0.0
1.20313253012,-7,0.536203046512
1.20313253012,-6,0.627303243845
1.20313253012,-5,0.69650600869
1.20313253012,-4,0.741437933218
1.20313253012,-3,0.760295423304
1.20313253012,-2,0.751924957583
1.20313253012,-1,0.715889554911
1.20313253012,0,0.652521563867
1.20313253012,1,0.562959241766
1.20313253012,2,0.449161016701
1.20313253012,3,0.313888037126
1.20313253012,4,0.160644060791
1.20313253012,5,0.0
1.20313253012,6,0.0
1.20465863454,-7,0.475217889612
1.20465863454,-6,0.576335047094
1.20465863454,-5,0.656931726683
1.20465863454,-4,0.714377283021
1.20465863454,-3,0.746565581545
1.20465863454,-2,0.752002048003
1.20465863454,-1,0.72987658601
1.20465863454,0,0.680123477823
1.20465863454,1,0.603467404839
1.20465863454,2,0.501451313405
1.20465863454,3,0.376438028159
1.20465863454,4,0.231574711287
1.20465863454,5,0.0707089716174
1.20465863454,6,0.0
1.20618473896,-7,0.519379690407
1.20618473896,-6,0.61084047984
1.20618473896,-5,0.680428458103
1.20618473896,-4,0.725753501419
1.20618473896,-3,0.744994768422
1.20618473896,-2,0.736980074566
1.20618473896,-1,0.701252177603
1.20618473896,0,0.638122575126
1.20618473896,1,0.548710495388
1.20618473896,2,0.434960781709
1.20618473896,3,0.299630634825
1.20618473896,4,0.146233264187
1.20618473896,5,0.0
1.20618473896,6,0.0
1.20771084337,-7,0.456656717941
1.20771084337,-6,0.558353391702
1.20771084337,-5,0.639605787129
1.20771084337,-4,0.697761017731
1.20771084337,-3,0.730689268353
1.20771084337,-2,0.736869932061
1.20771084337,-1,0.715464008378
1.20771084337,0,0.666374469239
1.20771084337,1,0.590294157428
1.20771084337,2,0.488737031562
1.20771084337,3,0.36404429452
1.20771084337,4,0.219353680867
1.20771084337,5,0.0585195612639
1.20771084337,6,0.0
1.20923694779,-7,0.499661678133
1.20923694779,-6,0.591995448277
1.20923694779,-5,0.662561733219
1.20923694779,-4,0.708941600909
1.20923694779,-3,0.729282170658
1.20923694779,-2,0.72237527609
1.20923694779,-1,0.687723718255
1.20923694779,0,0.625596292409
1.20923694779,1,0.537069617575
1.20923694779,2,0.424050410695
1.20923694779,3,0.289267615138
1.20923694779,4,0.136221422489
1.20923694779,5,0.0
1.20923694779,6,0.0
1.21076305221,-7,0.435026678384
1.21076305221,-6,0.537756859797
1.21076305221,-5,0.62020366526
1.21076305221,-4,0.679681616727
1.21076305221,-3,0.714024161723
1.21076305221,-2,0.721669091789
1.21076305221,-1,0.701730540346
1.21076305221,0,0.654059925222
1.21076305221,1,0.579295955519
1.21076305221,2,0.47889976038
1.21076305221,3,0.355166446395
1.21076305221,4,0.211200596791
1.21076305221,5,0.0508421637487
1.21076305221,6,0.0
1.21228915663,-7,0.477123164796
1.21228915663,-6,0.570811055705
1.21228915663,-5,0.642916025473
1.21228915663,-4,0.690979005044
1.21228915663,-3,0.713101246403
1.21228915663,-2,0.708022408484
1.21228915663,-1,0.675186834783
1.21228915663,0,0.614799891356
1.21228915663,1,0.52787289911
1.21228915663,2,0.416250412873
1.21228915663,3,0.282608827415
1.21228915663,4,0.13041235996
1.21228915663,5,0.0
1.21228915663,6,0.0
1.21381526104,-7,0.410400725283
1.21381526104,-6,0.514585290312
1.21381526104,-5,0.598730607106
1.21381526104,-4,0.660109010167
1.21381526104,-3,0.696505100889
1.21381526104,-2,0.706300634581
1.21381526104,-1,0.688546176618
1.21381526104,0,0.643022616115
1.21381526104,1,0.57029335082
1.21381526104,2,0.471743627529
1.21381526104,3,0.349598289453
1.21381526104,4,0.206904783942
1.21381526104,5,0.0474666477612
1.21381526104,6,0.0
1.21534136546,-7,0.451804853779
1.21534136546,-6,0.547291540436
1.21534136546,-5,0.621458294985
1.21534136546,-4,0.671795507229
1.21534136546,-3,0.696345849408
1.21534136546,-2,0.693781895009
1.21534136546,-1,0.663472394288
1.21534136546,0,0.605539863629
1.21534136546,1,0.520908702175
1.21534136546,2,0.411337902784
1.21534136546,3,0.279427077811
1.21534136546,4,0.12858092734
1.21534136546,5,0.0
1.21534136546,6,0.0
1.21686746988,-7,0.382824224952
1.21686746988,-6,0.488845793101
1.21686746988,-5,0.575154495459
1.21686746988,-4,0.638971789441
1.21686746988,-3,0.678022403249
1.21686746988,-2,0.69061888826
1.21686746988,-1,0.675732948274
1.21686746988,0,0.633057410229
1.21686746988,1,0.563060488484
1.21686746988,2,0.467029461545
1.21686746988,3,0.347095173748
1.21686746988,4,0.206223708746
1.21686746988,5,0.0481592367571
1.21686746988,6,0.0
1.2183935743,-7,0.423720489063
1.2183935743,-6,0.521409555965
1.2183935743,-5,0.598119808981
1.2183935743,-4,0.651281739409
1.2183935743,-3,0.678867954119
1.2183935743,-2,0.679470433607
1.2183935743,-1,0.652366712821
1.2183935743,0,0.597578525478
1.2183935743,1,0.515922990878
1.2183935743,2,0.409050960813
1.2183935743,3,0.279461206657
1.2183935743,4,0.130474775501
1.2183935743,5,0.0
1.2183935743,6,0.0
1.21991967871,-7,0.46051953644
1.21991967871,-6,0.549413116365
1.21991967871,-5,0.61616479804
1.21991967871,-4,0.658429586756
1.21991967871,-3,0.674439023612
1.21991967871,-2,0.663072182742
1.21991967871,-1,0.623917893243
1.21991967871,0,0.557330817083
1.21991967871,1,0.46447936252
1.21991967871,2,0.347377264181
1.21991967871,3,0.208884880526
1.21991967871,4,0.0526630748085
1.21991967871,5,0.0
1.21991967871,6,0.0
1.22144578313,-7,0.392863336258
1.22144578313,-6,0.493113154291
1.22144578313,-5,0.572803490546
1.22144578313,-4,0.62929671625
1.22144578313,-3,0.660485187356
1.22144578313,-2,0.664868271229
1.22144578313,-1,0.641618300076
1.22144578313,0,0.590639952424
1.22144578313,1,0.512624195321
1.22144578313,2,0.409092218455
1.22144578313,3,0.282418270012
1.22144578313,4,0.135815113252
1.22144578313,5,0.0
1.22144578313,6,0.0
1.22297188755,-7,0.42956843299
1.22297188755,-6,0.52142124792
1.22297188755,-5,0.591556473907
1.22297188755,-4,0.637550783029
1.22297188755,-3,0.657544317374
1.22297188755,-2,0.650311360187
1.22297188755,-1,0.615322538332
1.22297188755,0,0.552802292484
1.22297188755,1,0.463780691116
1.22297188755,2,0.350132132656
1.22297188755,3,0.214586962746
1.22297188755,4,0.0606978898563
1.22297188755,5,0.0
1.22297188755,6,0.0
1.22449799197,-7,0.359212554274
1.22449799197,-6,0.462332595356
1.22449799197,-5,0.545391033103
1.22449799197,-4,0.60567509555
1.22449799197,-3,0.640988040918
1.22449799197,-2,0.649726136098
1.22449799197,-1,0.630944244485
1.22449799197,0,0.58441553173
1.22449799197,1,0.510687654438
1.22449799197,2,0.41113195853
1.22449799197,3,0.287975146024
1.22449799197,4,0.1442967813
1.22449799197,5,0.0
1.22449799197,6,0.0
1.22602409639,-7,0.395941649324
1.22602409639,-6,0.491077520789
1.22602409639,-5,0.564995921465
1.22602409639,-4,0.615187853798
1.22602409639,-3,0.639693109447
1.22602409639,-2,0.637170667933
1.22602409639,-1,0.606960581188
1.22602409639,0,0.549142283587
1.22602409639,1,0.464589733455
1.22602409639,2,0.355016968561
1.22602409639,3,0.223000413225
1.22602409639,4,0.0719590751167
1.22602409639,5,0.0
1.22602409639,6,0.0
1.2275502008,-7,0.322739382539
1.2275502008,-6,0.428986928193
1.2275502008,-5,0.515749749855
1.2275502008,-4,0.580234151833
1.2275502008,-3,0.620146795351
1.2275502008,-2,0.633771898374
1.2275502008,-1,0.62003635601
1.2275502008,0,0.578569301188
1.2275502008,1,0.509759857603
1.2275502008,2,0.414810996147
1.2275502008,3,0.295779865095
1.2275502008,4,0.155587955876
1.2275502008,5,0.0
1.2275502008,6,0.0
1.22907630522,-7,0.359581882391
1.22907630522,-6,0.458271013577
1.22907630522,-5,0.536319698659
1.22907630522,-4,0.591127222257
1.22907630522,-3,0.620625497998
1.22907630522,-2,0.62334933583
1.22907630522,-1,0.598497729037
1.22907630522,0,0.545992359203
1.22907630522,1,0.466535270641
1.22907630522,2,0.361660678425
1.22907630522,3,0.233767951516
1.22907630522,4,0.0861164933443
1.22907630522,5,0.0
1.22907630522,6,0.0
1.23060240964,-7,0.39299030309
1.23060240964,-6,0.48373913551
1.23060240964,-5,0.552780460751
1.23060240964,-4,0.597718177078
1.23060240964,-3,0.616717012293
1.23060240964,-2,0.608567158449
1.23060240964,-1,0.572743211924
1.23060240964,0,0.50946267232
1.23060240964,1,0.419743575415
1.23060240964,2,0.305452937349
1.23060240964,3,0.169329776936
1.23060240964,4,0.0149613283541
1.23060240964,5,0.0
1.23060240964,6,0.0
1.23212851406,-7,0.320431359359
1.23212851406,-6,0.422887555355
1.23212851406,-5,0.505358307096
1.23212851406,-4,0.565146425504
1.23212851406,-3,0.600069801467
1.23212851406,-2,0.608531811664
1.23212851406,-1,0.589581801365
1.23212851406,0,0.542973099969
1.23212851406,1,0.469222246255
1.23212851406,2,0.369666114284
1.23212851406,3,0.246505127876
1.23212851406,4,0.102813293841
1.23212851406,5,0.0
1.23212851406,6,0.0
1.23365461847,-7,0.35425798348
1.23365461847,-6,0.449217122524
1.23365461847,-5,0.523116289646
1.23365461847,-4,0.573451760018
1.23365461847,-3,0.59826277233
1.23365461847,-2,0.596195793399
1.23365461847,-1,0.56656241654
1.23365461847,0,0.509397706342
1.23365461847,1,0.425520480027
1.23365461847,2,0.316588920427
1.23365461847,3,0.185136175258
1.23365461847,4,0.0345640637222
1.23365461847,5,0.0
1.23365461847,6,0.0
1.23518072289,-7,0.278437526083
1.23518072289,-6,0.384815713673
1.23518072289,-5,0.471942374256
1.23518072289,-4,0.537020387287
1.23518072289,-3,0.577748800304
1.23518072289,-2,0.592393809718
1.23518072289,-1,0.579848365271
1.23518072289,0,0.539689038602
1.23518072289,1,0.472235683664
1.23518072289,2,0.378612633102
1.23518072289,3,0.260801239944
1.23518072289,4,0.121665015843
1.23518072289,5,0.0
1.23518072289,6,0.0
1.23670682731,-7,0.312712032443
1.23670682731,-6,0.412046017048
1.23670682731,-5,0.491045686869
1.23670682731,-4,0.547096111583
1.23670682731,-3,0.578106394854
1.23670682731,-2,0.58257386715
1.23670682731,-1,0.559640644587
1.23670682731,0,0.509150908633
1.23670682731,1,0.431712512822
1.23670682731,2,0.328758434294
1.23670682731,3,0.20259414775
1.23670682731,4,0.0564090826524
1.23670682731,5,0.0
1.23670682731,6,0.0
1.23823293173,-7,0.34395245027
1.23823293173,-6,0.435908517039
1.23823293173,-5,0.506527404217
1.23823293173,-4,0.553385755935
1.23823293173,-3,0.574608240004
1.23823293173,-2,0.56892639291
1.23823293173,-1,0.535733788485
1.23823293173,0,0.47514495843
1.23823293173,1,0.388059146019
1.23823293173,2,0.276220808821
1.23823293173,3,0.14225923131
1.23823293173,4,0.0
1.23823293173,5,0.0
1.23823293173,6,0.0
1.23975903614,-7,0.268286652772
1.23975903614,-6,0.372098101714
1.23975903614,-5,0.456380260378
1.23975903614,-4,0.518404673813
1.23975903614,-3,0.555946917699
1.23975903614,-2,0.567351241882
1.23975903614,-1,0.551585687649
1.23975903614,0,0.508297466701
1.23975903614,1,0.437874450853
1.23975903614,2,0.341510786458
1.23975903614,3,0.221264698736
1.23975903614,4,0.0800873189097
1.23975903614,5,0.0
1.23975903614,6,0.0
1.24128514056,-7,0.300208429357
1.24128514056,-6,0.397104876229
1.24128514056,-5,0.47345483446
1.24128514056,-4,0.526710192603
1.24128514056,-3,0.55485100311
1.24128514056,-2,0.55644393456
1.24128514056,-1,0.530695376877
1.24128514056,0,0.477508481053
1.24128514056,1,0.397547766209
1.24128514056,2,0.292305784013
1.24128514056,3,0.164155952423
1.24128514056,4,0.0163672331217
1.24128514056,5,0.0
1.24128514056,6,0.0
1.24281124498,-7,0.329260894053
1.24281124498,-6,0.418944635213
1.24281124498,-5,0.487141364525
1.24281124498,-4,0.531490895603
1.24281124498,-3,0.550181746531
1.24281124498,-2,0.542004978448
1.24281124498,-1,0.50640701034
1.24281124498,0,0.443549529693
1.24281124498,1,0.354377320191
1.24281124498,2,0.2406846247
1.24281124498,3,0.105160260643
1.24281124498,4,0.0
1.24281124498,5,0.0
1.24281124498,6,0.0
1.2443373494,-7,0.253512964874
1.2443373494,-6,0.355396312636
1.2443373494,-5,0.437604476148
1.2443373494,-4,0.497463420237
1.2443373494,-3,0.532806618572
1.2443373494,-2,0.54203377136
1.2443373494,-1,0.524161757234
1.2443373494,0,0.478878794153
1.2443373494,1,0.406608108913
1.2443373494,2,0.308578595754
1.2443373494,3,0.186888991563
1.2443373494,4,0.0445421195347
1.2443373494,5,0.0
1.2443373494,6,0.0
1.24586345382,-7,0.28344205079
1.24586345382,-6,0.378581580549
1.24586345382,-5,0.45308588096
1.24586345382,-4,0.504457860559
1.24586345382,-3,0.530728763146
1.24586345382,-2,0.530511215355
1.24586345382,-1,0.503049086067
1.24586345382,0,0.448274456021
1.24586345382,1,0.366875541095
1.24586345382,2,0.260369269458
1.24586345382,3,0.131160875646
1.24586345382,4,0.0
1.24586345382,5,0.0
1.24586345382,6,0.0
1.24738955823,-7,0.310669257389
1.24738955823,-6,0.398797624082
1.24738955823,-5,0.4654037738
1.24738955823,-4,0.508173644439
1.24738955823,-3,0.525338989592
1.24738955823,-2,0.515726438366
1.24738955823,-1,0.47880803832
1.24738955823,0,0.414762239058
1.24738955823,1,0.324546114241
1.24738955823,2,0.209968412096
1.24738955823,3,0.073741717766
1.24738955823,4,0.0
1.24738955823,5,0.0
1.24738955823,6,0.0
1.24891566265,-7,0.234573907635
1.24891566265,-6,0.335156799463
1.24891566265,-5,0.416038690347
1.24891566265,-4,0.474585513167
1.24891566265,-3,0.508670632832
1.24891566265,-2,0.516727958645
1.24891566265,-1,0.497798825696
1.24891566265,0,0.451584893323
1.24891566265,1,0.378514015727
1.24891566265,2,0.279816316375
1.24891566265,3,0.157595743808
1.24891566265,4,0.0148715646858
1.24891566265,5,0.0
1.24891566265,6,0.0
1.25044176707,-7,0.262836209128
1.25044176707,-6,0.35687979695
1.25044176707,-5,0.430311547254
1.25044176707,-4,0.480669842503
1.25044176707,-3,0.506018405072
1.25044176707,-2,0.504994139968
1.25044176707,-1,0.476853695661
1.25044176707,0,0.421530203107
1.25044176707,1,0.339704510299
1.25044176707,2,0.232884147052
1.25044176707,3,0.103470925164
1.25044176707,4,0.0
1.25044176707,5,0.0
1.25044176707,6,0.0
1.25196787149,-7,0.288563376232
1.25196787149,-6,0.375825697015
1.25196787149,-5,0.441634614794
1.25196787149,-4,0.483705821983
1.25196787149,-3,0.500295109686
1.25196787149,-2,0.490242700785
1.25196787149,-1,0.453021315587
1.25196787149,0,0.388797972437
1.25196787149,1,0.298510615966
1.25196787149,2,0.183948487991
1.25196787149,3,0.0478128677874
1.25196787149,4,0.0
1.25196787149,5,0.0
1.25196787149,6,0.0
1.2534939759,-7,0.211839869007
1.2534939759,-6,0.311725130795
1.2534939759,-5,0.391993607515
1.2534939759,-4,0.450037048549
1.2534939759,-3,0.483751762389
1.2534939759,-2,0.491586366616
1.2534939759,-1,0.472584484241
1.2534939759,0,0.426436026529
1.2534939759,1,0.353544943381
1.2534939759,2,0.255110791311
1.2534939759,3,0.133208515505
1.2534939759,4,0.0
1.2534939759,5,0.0
1.2534939759,6,0.0
1.25502008032,-7,0.238725875696
1.25502008032,-6,0.332302581548
1.25502008032,-5,0.405393559807
1.25502008032,-4,0.455557795485
1.25502008032,-3,0.480874179723
1.25502008032,-2,0.479984234457
1.25502008032,-1,0.452135083283
1.25502008032,0,0.397235473546
1.25502008032,1,0.315929973315
1.25502008032,2,0.20968452025
1.25502008032,3,0.0808631387561
1.25502008032,4,0.0
1.25502008032,5,0.0
1.25502008032,6,0.0
1.25654618474,-7,0.263240436373
1.25654618474,-6,0.350287682321
1.25654618474,-5,0.416045718851
1.25654618474,-4,0.458244640777
1.25654618474,-3,0.47514678675
1.25654618474,-2,0.465586253021
1.25654618474,-1,0.429014012324
1.25654618474,0,0.365559935432
1.25654618474,1,0.276113493632
1.25654618474,2,0.1624118196
1.25654618474,3,0.0271104497637
1.25654618474,4,0.0
1.25654618474,5,0.0
1.25654618474,6,0.0
1.25807228916,-7,0.185604086869
1.25807228916,-6,0.28535881207
1.25807228916,-5,0.365682618854
1.25807228916,-4,0.423979558049
1.25807228916,-3,0.458153262817
1.25807228916,-2,0.466649534936
1.25807228916,-1,0.448494568239
1.25807228916,0,0.403343975791
1.25807228916,1,0.331551745481
1.25807228916,2,0.234257035449
1.25807228916,3,0.113472779233
1.25807228916,4,0.0
1.25807228916,5,0.0
1.25807228916,6,0.0
1.25959839357,-7,0.211368917909
1.25959839357,-6,0.305066323834
1.25959839357,-5,0.378499139359
1.25959839357,-4,0.42923301551
1.25959839357,-3,0.455346311623
1.25959839357,-2,0.455467717516
1.25959839357,-1,0.428815143345
1.25959839357,0,0.375250229928
1.25959839357,1,0.295354793065
1.25959839357,2,0.190522808279
1.25959839357,3,0.063047120991
1.25959839357,4,0.0
1.25959839357,5,0.0
1.25959839357,6,0.0
1.26112449799,-7,0.234921330483
1.26112449799,-6,0.322357855798
1.26112449799,-5,0.388757843834
1.26112449799,-4,0.43185164723
1.26112449799,-3,0.449892523747
1.26112449799,-2,0.441691141659
1.26112449799,-1,0.406657057429
1.26112449799,0,0.344860031894
1.26112449799,1,0.257114094603
1.26112449799,2,0.145073317859
1.26112449799,3,0.011313764295
1.26112449799,4,0.0
1.26112449799,5,0.0
1.26112449799,6,0.0
1.26265060241,-7,0.156093544828
1.26265060241,-6,0.256240555975
1.26265060241,-5,0.337237299927
1.26265060241,-4,0.396487446705
1.26265060241,-3,0.431887791334
1.26265060241,-2,0.441865884579
1.26265060241,-1,0.425413374995
1.26265060241,0,0.382131889905
1.26265060241,1,0.312302168389
1.26265060241,2,0.216975421841
1.26265060241,3,0.0980710100366
1.26265060241,4,0.0
1.26265060241,5,0.0
1.26265060241,6,0.0
1.26417670683,-7,0.180957912968
1.26417670683,-6,0.275314731294
1.26417670683,-5,0.349716955113
1.26417670683,-4,0.40172402664
1.26417670683,-3,0.429399755859
1.26417670683,-2,0.4313448466
1.26417670683,-1,0.406731069275
1.26417670683,0,0.355353187228
1.26417670683,1,0.27770655468
1.26417670683,2,0.175084975158
1.26417670683,3,0.0496779287868
1.26417670683,4,0.0
1.26417670683,5,0.0
1.26417670683,6,0.0
1.26570281124,-7,0.203763213128
1.26570281124,-6,0.292140451052
1.26570281124,-5,0.359816893167
1.26570281124,-4,0.404510276414
1.26570281124,-3,0.424451040853
1.26570281124,-2,0.418411609903
1.26570281124,-1,0.385743361616
1.26570281124,0,0.326436006397
1.26570281124,1,0.241203893934
1.26570281124,2,0.131589089893
1.26570281124,3,5.53778840464e-05
1.26570281124,4,0.0
1.26570281124,5,0.0
1.26570281124,6,0.0
1.26722891566,-7,0.123480190992
1.26722891566,-6,0.22449140938
1.26722891566,-5,0.306722271311
1.26722891566,-4,0.367564303846
1.26722891566,-3,0.404894764527
1.26722891566,-2,0.41710960365
1.26722891566,-1,0.403151469078
1.26722891566,0,0.362551351694
1.26722891566,1,0.295496528278
1.26722891566,2,0.202925386341
1.26722891566,3,0.0866339643361
1.26722891566,4,0.0
1.26722891566,5,0.0
1.26722891566,6,0.0
1.26875502008,-7,0.147631966805
1.26875502008,-6,0.243132368629
1.26875502008,-5,0.319072175479
1.26875502008,-4,0.372992830437
1.26875502008,-3,0.402931218936
1.26875502008,-2,0.407447174346
1.26875502008,-1,0.385652228517
1.26875502008,0,0.337257651527
1.26875502008,1,0.262651732746
1.26875502008,2,0.163002477334
1.26875502008,3,0.0403653990049
1.26875502008,4,0.0
1.26875502008,5,0.0
1.26875502008,6,0.0
1.2702811245,-7,0.169871775291
1.2702811245,-6,0.259683463143
1.2702811245,-5,0.329209012794
1.2702811245,-4,0.376141906639
1.2702811245,-3,0.398677841817
1.2702811245,-2,0.395538626586
1.2702811245,-1,0.36600368629
1.2702811245,0,0.309966002951
1.2702811245,1,0.2280191269
1.2702811245,2,0.121566634524
1.2702811245,3,0.0
1.2702811245,4,0.0
1.2702811245,5,0.0
1.2702811245,6,0.0
1.27180722892,-7,0.0878920177021
1.27180722892,-6,0.19018334762
1.27180722892,-5,0.274149132169
1.27180722892,-4,0.337157919517
1.27180722892,-3,0.377056104489
1.27180722892,-2,0.392196662732
1.27180722892,-1,0.381461407014
1.27180722892,0,0.344297185062
1.27180722892,1,0.280780956768
1.27180722892,2,0.191716517214
1.27180722892,3,0.078749143463
1.27180722892,4,0.0
1.27180722892,5,0.0
1.27180722892,6,0.0
1.27333333333,-7,0.111488154893
1.27333333333,-6,0.208557446434
1.27333333333,-5,0.286540411407
1.27333333333,-4,0.342949732454
1.27333333333,-3,0.375784502003
1.27333333333,-2,0.383552936059
1.27333333333,-1,0.365295025009
1.27333333333,0,0.320625227099
1.27333333333,1,0.249807606641
1.27333333333,2,0.153861816432
1.27333333333,3,0.0346809132183
1.27333333333,4,0.0
1.27333333333,5,0.0
1.27333333333,6,0.0
1.27485943775,-7,0.133312929969
1.27485943775,-6,0.22499151802
1.27485943775,-5,0.296874439035
1.27485943775,-4,0.346620403772
1.27485943775,-3,0.372380078014
1.27485943775,-2,0.372814586959
1.27485943775,-1,0.347120602803
1.27485943775,0,0.295081149153
1.27485943775,1,0.217151370228
1.27485943775,2,0.114572876198
1.27485943775,3,0.0
1.27485943775,4,0.0
1.27485943775,5,0.0
1.27485943775,6,0.0
1.27638554217,-7,0.153351097768
1.27638554217,-6,0.239489309293
1.27638554217,-5,0.30517394672
1.27638554217,-4,0.348210425301
1.27638554217,-3,0.366899140445
1.27638554217,-2,0.36005170874
1.27638554217,-1,0.327020484702
1.27638554217,0,0.267758852111
1.27638554217,1,0.182917809737
1.27638554217,2,0.0739673368652
1.27638554217,3,0.0
1.27638554217,4,0.0
1.27638554217,5,0.0
1.27638554217,6,0.0
1.27791164659,-7,0.0725923453915
1.27791164659,-6,0.171593685222
1.27791164659,-5,0.252060456882
1.27791164659,-4,0.311466743632
1.27791164659,-3,0.347764269636
1.27791164659,-2,0.359400792971
1.27791164659,-1,0.345336113022
1.27791164659,0,0.305077902904
1.27791164659,1,0.238752579504
1.27791164659,2,0.147212483979
1.27791164659,3,0.0321624865725
1.27791164659,4,0.0
1.27791164659,5,0.0
1.27791164659,6,0.0
1.279437751,-7,0.0941237285314
1.279437751,-6,0.188037691192
1.279437751,-5,0.262720055519
1.279437751,-4,0.315785201012
1.279437751,-3,0.345329854374
1.279437751,-2,0.349946443812
1.279437751,-1,0.328740932889
1.279437751,0,0.281376696448
1.279437751,1,0.208156738529
1.279437751,2,0.110140824182
1.279437751,3,0.0
1.279437751,4,0.0
1.279437751,5,0.0
1.279437751,6,0.0
1.28096385542,-7,0.114003064612
1.28096385542,-6,0.202685755581
1.28096385542,-5,0.271488212726
1.28096385542,-4,0.318165744173
1.28096385542,-3,0.340958034847
1.28096385542,-2,0.338599359139
1.28096385542,-1,0.310340278025
1.28096385542,0,0.256001078985
1.28096385542,1,0.176065756906
1.28096385542,2,0.0718080261247
1.28096385542,3,0.0
1.28096385542,4,0.0
1.28096385542,5,0.0
1.28096385542,6,0.0
1.28248995984,-7,0.0309892687209
1.28248995984,-6,0.132221176712
1.28248995984,-5,0.215545803743
1.28248995984,-4,0.27838959655
1.28248995984,-3,0.318648358177
1.28248995984,-2,0.334702129658
1.28248995984,-1,0.325424262468
1.28248995984,0,0.290208939864
1.28248995984,1,0.229035450464
1.28248995984,2,0.142573968836
1.28248995984,3,0.0323189516905
1.28248995984,4,0.0
1.28248995984,5,0.0
1.28248995984,6,0.0
1.28401606426,-7,0.0523224179645
1.28401606426,-6,0.148774239689
1.28401606426,-5,0.2266306721
1.28401606426,-4,0.283452982643
1.28401606426,-3,0.317276112595
1.28401606426,-2,0.326617482307
1.28401606426,-1,0.310486980316
1.28401606426,0,0.268422143928
1.28401606426,1,0.200564247383
1.28401606426,2,0.10777552339
1.28401606426,3,0.0
1.28401606426,4,0.0
1.28401606426,5,0.0
1.28401606426,6,0.0
1.28554216867,-7,0.0721313105204
1.28554216867,-6,0.163663497791
1.28554216867,-5,0.235957720839
1.28554216867,-4,0.286710806564
1.28554216867,-3,0.314094710025
1.28554216867,-2,0.316761061219
1.28554216867,-1,0.293854133494
1.28554216867,0,0.24505534584
1.28554216867,1,0.170671825995
1.28554216867,2,0.0717643089224
1.28554216867,3,0.0
1.28554216867,4,0.0
1.28554216867,5,0.0
1.28554216867,6,0.0
1.28706827309,-7,0.0904062294503
1.28706827309,-6,0.176894960003
1.28706827309,-5,0.243548439263
1.28706827309,-4,0.288198726581
1.28706827309,-3,0.309152062138
1.28706827309,-2,0.305191099502
1.28706827309,-1,0.275592872526
1.28706827309,0,0.22018406698
1.28706827309,1,0.139442372745
1.28706827309,2,0.034633887446
1.28706827309,3,0.0
1.28706827309,4,0.0
1.28706827309,5,0.0
1.28706827309,6,0.0
1.28859437751,-7,0.00791761086114
1.28859437751,-6,0.107142264844
1.28859437751,-5,0.188479078055
1.28859437751,-4,0.249428049142
1.28859437751,-3,0.287955201702
1.28859437751,-2,0.302497896263
1.28859437751,-1,0.291966774923
1.28859437751,0,0.255770654984
1.28859437751,1,0.193883765341
1.28859437751,2,0.106959836261
1.28859437751,3,0.0
1.28859437751,4,0.0
1.28859437751,5,0.0
1.28859437751,6,0.0
1.29012048193,-7,0.027720592303
1.29012048193,-6,0.122339076107
1.29012048193,-5,0.19843041187
1.29012048193,-4,0.253625111022
1.29012048193,-3,0.286021088974
1.29012048193,-2,0.294183394633
1.29012048193,-1,0.277147929762
1.29012048193,0,0.234455061965
1.29012048193,1,0.16622973691
1.29012048193,2,0.0733078753569
1.29012048193,3,0.0
1.29012048193,4,0.0
1.29012048193,5,0.0
1.29012048193,6,0.0
1.29164658635,-7,0.0461102285999
1.29164658635,-6,0.136000633987
1.29164658635,-5,0.206767287176
1.29164658635,-4,0.256171138029
1.29164658635,-3,0.282439263464
1.29164658635,-2,0.284260867702
1.29164658635,-1,0.260794829507
1.29164658635,0,0.211713650406
1.29164658635,1,0.13729704276
1.29164658635,2,0.0385698178085
1.29164658635,3,0.0
1.29164658635,4,0.0
1.29164658635,5,0.0
1.29164658635,6,0.0
1.29317269076,-7,0.0630803579466
1.29317269076,-6,0.148134946341
1.29317269076,-5,0.21351144972
1.29317269076,-4,0.257100221267
1.29317269076,-3,0.277254263636
1.29317269076,-2,0.272783462153
1.29317269076,-1,0.242967958735
1.29317269076,0,0.187613837658
1.29317269076,1,0.107160457049
1.29317269076,2,0.00282862498999
1.29317269076,3,0.0
1.29317269076,4,0.0
1.29317269076,5,0.0
1.29317269076,6,0.0
1.29469879518,-7,0.0
1.29469879518,-6,0.0786289454216
1.29469879518,-5,0.158753771621
1.29469879518,-4,0.218687720304
1.29469879518,-3,0.256448670369
1.29469879518,-2,0.270511964192
1.29469879518,-1,0.259804903581
1.29469879518,0,0.223727852022
1.29469879518,1,0.162222814427
1.29469879518,2,0.0758944311714
1.29469879518,3,0.0
1.29469879518,4,0.0
1.29469879518,5,0.0
1.29469879518,6,0.0
1.2962248996,-7,0.0
1.2962248996,-6,0.092757867527
1.2962248996,-5,0.167872323956
1.2962248996,-4,0.222323654546
1.2962248996,-3,0.254254672269
1.2962248996,-2,0.262259277788
1.2962248996,-1,0.24537927321
1.2962248996,0,0.20313495729
1.2962248996,1,0.135607482098
1.2962248996,2,0.0435730695366
1.2962248996,3,0.0
1.2962248996,4,0.0
1.2962248996,5,0.0
1.2962248996,6,0.0
1.29775100402,-7,0.0165323113245
1.29775100402,-6,0.105472681418
1.29775100402,-5,0.17550897357
1.29775100402,-4,0.224449210907
1.29775100402,-3,0.250557970702
1.29775100402,-2,0.252543886424
1.29775100402,-1,0.229560817495
1.29775100402,0,0.181249528684
1.29775100402,1,0.107834410395
1.29775100402,2,0.0102701126711
1.29775100402,3,0.0
1.29775100402,4,0.0
1.29775100402,5,0.0
1.29775100402,6,0.0
1.29927710843,-7,0.032456934722
1.29927710843,-6,0.116782382068
1.29927710843,-5,0.181684946096
1.29927710843,-4,0.225096430139
1.29927710843,-3,0.245399568416
1.29927710843,-2,0.241414002763
1.29927710843,-1,0.212403788973
1.29927710843,0,0.15813154586
1.29927710843,1,0.0789698113572
1.29927710843,2,0.0
1.29927710843,3,0.0
1.29927710843,4,0.0
1.29927710843,5,0.0
1.29927710843,6,0.0
1.30080321285,-7,0.0
1.30080321285,-6,0.047071225222
1.30080321285,-5,0.126699150565
1.30080321285,-4,0.186424024126
1.30080321285,-3,0.224299128919
1.30080321285,-2,0.238821453534
1.30080321285,-1,0.228918161084
1.30080321285,0,0.193962316406
1.30080321285,1,0.133840656372
1.30080321285,2,0.0490795257291
1.30080321285,3,0.0
1.30080321285,4,0.0
1.30080321285,5,0.0
1.30080321285,6,0.0
1.30232931727,-7,0.0
1.30232931727,-6,0.0603783249021
1.30232931727,-5,0.13523809666
1.30232931727,-4,0.189752254059
1.30232931727,-3,0.222092609975
1.30232931727,-2,0.230866351022
1.30232931727,-1,0.215105037136
1.30232931727,0,0.174290301915
1.30232931727,1,0.108436137812
1.30232931727,2,0.018229018033
1.30232931727,3,0.0
1.30232931727,4,0.0
1.30232931727,5,0.0
1.30232931727,6,0.0
1.30385542169,-7,0.0
1.30385542169,-6,0.0723845347222
1.30385542169,-5,0.142416998545
1.30385542169,-4,0.191697661046
1.30385542169,-3,0.218513390623
1.30385542169,-2,0.22157749971
1.30385542169,-1,0.20002329577
1.30385542169,0,0.153441342604
1.30385542169,1,0.0819768763345
1.30385542169,2,0.0
1.30385542169,3,0.0
1.30385542169,4,0.0
1.30385542169,5,0.0
1.30385542169,6,0.0
1.3053815261,-7,0.0
1.3053815261,-6,0.0830991021711
1.3053815261,-5,0.148256042718
1.3053815261,-4,0.192289974499
1.3053815261,-3,0.213598951156
1.3053815261,-2,0.210998454917
1.3053815261,-1,0.183721464872
1.3053815261,0,0.131468674015
1.3053815261,1,0.0545213582324
1.3053815261,2,0.0
1.3053815261,3,0.0
1.3053815261,4,0.0
1.3053815261,5,0.0
1.3053815261,6,0.0
1.30690763052,-7,0.0
1.30690763052,-6,0.0127556516127
1.30690763052,-5,0.0925340023007
1.30690763052,-4,0.152777566563
1.30690763052,-3,0.191560366298
1.30690763052,-2,0.20738750415
1.30690763052,-1,0.199172916272
1.30690763052,0,0.166247833848
1.30690763052,1,0.108425132659
1.30690763052,2,0.0261276713674
1.30690763052,3,0.0
1.30690763052,4,0.0
1.30690763052,5,0.0
1.30690763052,6,0.0
1.30843373494,-7,0.0
1.30843373494,-6,0.0254480441773
1.30843373494,-5,0.100703714645
1.30843373494,-4,0.156005806105
1.30843373494,-3,0.189541203527
1.30843373494,-2,0.199917785337
1.30843373494,-1,0.186144580044
1.30843373494,0,0.147650374726
1.30843373494,1,0.0843631348225
1.30843373494,2,0.0
1.30843373494,3,0.0
1.30843373494,4,0.0
1.30843373494,5,0.0
1.30843373494,6,0.0
1.30995983936,-7,0.0
1.30995983936,-6,0.0369447742677
1.30995983936,-5,0.107624998414
1.30995983936,-4,0.157966651137
1.30995983936,-3,0.186265817162
1.30995983936,-2,0.19122886631
1.30995983936,-1,0.171957014927
1.30995983936,0,0.127976683731
1.30995983936,1,0.0593346688622
1.30995983936,2,0.0
1.30995983936,3,0.0
1.30995983936,4,0.0
1.30995983936,5,0.0
1.30995983936,6,0.0
1.31148594378,-7,0.0
1.31148594378,-6,0.0472548181691
1.31148594378,-5,0.113316668231
1.31148594378,-4,0.158687409692
1.31148594378,-3,0.181768287869
1.31148594378,-2,0.181359988997
1.31148594378,-1,0.156653560019
1.31148594378,0,0.107273941136
1.31148594378,1,0.0333912982686
1.31148594378,2,0.0
1.31148594378,3,0.0
1.31148594378,4,0.0
1.31148594378,5,0.0
1.31148594378,6,0.0
1.31301204819,-7,0.0
1.31301204819,-6,0.0563895075748
1.31301204819,-5,0.117799372532
1.31301204819,-4,0.158196583543
1.31301204819,-3,0.176083249679
1.31301204819,-2,0.170350421536
1.31301204819,-1,0.140277243502
1.31301204819,0,0.0855888870808
1.31301204819,1,0.00658417284553
1.31301204819,2,0.0
1.31301204819,3,0.0
1.31301204819,4,0.0
1.31301204819,5,0.0
1.31301204819,6,0.0
1.31453815261,-7,0.0
1.31453815261,-6,0.0
1.31453815261,-5,0.0643623374701
1.31453815261,-4,0.12109537659
1.31453815261,-3,0.15652365617
1.31453815261,-2,0.169245712025
1.31453815261,-1,0.158239334885
1.31453815261,0,0.122870720386
1.31453815261,1,0.0629678110675
1.31453815261,2,0.0
1.31453815261,3,0.0
1.31453815261,4,0.0
1.31453815261,5,0.0
1.31453815261,6,0.0
1.31606425703,-7,0.0
1.31606425703,-6,0.0
1.31606425703,-5,0.0711887727748
1.31606425703,-4,0.123228351913
1.31606425703,-3,0.153698894356
1.31606425703,-2,0.161290900323
1.31606425703,-1,0.145065699298
1.31606425703,0,0.104476227557
1.31606425703,1,0.0394565528373
1.31606425703,2,0.0
1.31606425703,3,0.0
1.31606425703,4,0.0
1.31606425703,5,0.0
1.31606425703,6,0.0
1.31759036145,-7,0.0
1.31759036145,-6,0.00934768805438
1.31759036145,-5,0.0768860555656
1.31759036145,-4,0.124223173626
1.31759036145,-3,0.149753164285
1.31759036145,-2,0.152254115007
1.31759036145,-1,0.130868199585
1.31759036145,0,0.0851355542833
1.31759036145,1,0.0151005123858
1.31759036145,2,0.0
1.31759036145,3,0.0
1.31759036145,4,0.0
1.31759036145,5,0.0
1.31759036145,6,0.0
1.31911646586,-7,0.0
1.31911646586,-6,0.018329705487
1.31911646586,-5,0.0814730145818
1.31911646586,-4,0.124105727168
1.31911646586,-3,0.144717762788
1.31911646586,-2,0.142170608681
1.31911646586,-1,0.115685167917
1.31911646586,0,0.0648900263158
1.31911646586,1,0.0
1.31911646586,2,0.0
1.31911646586,3,0.0
1.31911646586,4,0.0
1.31911646586,5,0.0
1.31911646586,6,0.0
1.32064257028,-7,0.0
1.32064257028,-6,0.0
1.32064257028,-5,0.0262445504525
1.32064257028,-4,0.0849698785902
1.32064257028,-3,0.122902725495
1.32064257028,-2,0.138624264107
1.32064257028,-1,0.13107548085
1.32064257028,0,0.0995545328317
1.32064257028,1,0.0437805016844
1.32064257028,2,0.0
1.32064257028,3,0.0
1.32064257028,4,0.0
1.32064257028,5,0.0
1.32064257028,6,0.0
1.3221686747,-7,0.0
1.3221686747,-6,0.0
1.3221686747,-5,0.0331062262632
1.3221686747,-4,0.0873980950451
1.3221686747,-3,0.120641537712
1.3221686747,-2,0.131504382324
1.3221686747,-1,0.119003589496
1.3221686747,0,0.0825137829838
1.3221686747,1,0.0218473763123
1.3221686747,2,0.0
1.3221686747,3,0.0
1.3221686747,4,0.0
1.3221686747,5,0.0
1.3221686747,6,0.0
1.32369477912,-7,0.0
1.32369477912,-6,0.0
1.32369477912,-5,0.0389302935501
1.32369477912,-4,0.0887801553253
1.32369477912,-3,0.117350029876
1.32369477912,-2,0.123389849377
1.32369477912,-1,0.105989478605
1.32369477912,0,0.0645999441426
1.32369477912,1,0.0
1.32369477912,2,0.0
1.32369477912,3,0.0
1.32369477912,4,0.0
1.32369477912,5,0.0
1.32369477912,6,0.0
1.32522088353,-7,0.0
1.32522088353,-6,0.0
1.32522088353,-5,0.0437337067657
1.32522088353,-4,0.0891394276725
1.32522088353,-3,0.1130564185
1.32522088353,-2,0.114312308417
1.32522088353,-1,0.0920673206596
1.32522088353,0,0.0458495679055
1.32522088353,1,0.0
1.32522088353,2,0.0
1.32522088353,3,0.0
1.32522088353,4,0.0
1.32522088353,5,0.0
1.32522088353,6,0.0
1.32674698795,-7,0.0
1.32674698795,-6,0.0
1.32674698795,-5,0.0475346537147
1.32674698795,-4,0.0884999987902
1.32674698795,-3,0.107789137073
1.32674698795,-2,0.104303222048
1.32674698795,-1,0.0772708729736
1.32674698795,0,0.0262987305807
1.32674698795,1,0.0
1.32674698795,2,0.0
1.32674698795,3,0.0
1.32674698795,4,0.0
1.32674698795,5,0.0
1.32674698795,6,0.0
1.32827309237,-7,0.0
1.32827309237,-6,0.0
1.32827309237,-5,0.0
1.32827309237,-4,0.050352399283
1.32827309237,-3,0.0868865248952
1.32827309237,-2,0.101576715754
1.32827309237,-1,0.0933937948804
1.32827309237,0,0.0616334467054
1.32827309237,1,0.00598304071459
1.32827309237,2,0.0
1.32827309237,3,0.0
1.32827309237,4,0.0
1.32827309237,5,0.0
1.32827309237,6,0.0
1.32979919679,-7,0.0
1.32979919679,-6,0.0
1.32979919679,-5,0.0
1.32979919679,-4,0.0522071344244
1.32979919679,-3,0.0843240928477
1.32979919679,-2,0.0944476741922
1.32979919679,-1,0.081614909692
1.32979919679,0,0.0451878873318
1.32979919679,1,0.0
1.32979919679,2,0.0
1.32979919679,3,0.0
1.32979919679,4,0.0
1.32979919679,5,0.0
1.32979919679,6,0.0
1.3313253012,-7,0.0
1.3313253012,-6,0.0
1.3313253012,-5,0.00448453897219
1.3313253012,-4,0.0531198313393
1.3313253012,-3,0.0808380918218
1.3313253012,-2,0.0864304272957
1.3313253012,-1,0.0689970763799
1.3313253012,0,0.0279665653343
1.3313253012,1,0.0
1.3313253012,2,0.0
1.3313253012,3,0.0
1.3313253012,4,0.0
1.3313253012,5,0.0
1.3313253012,6,0.0
1.33285140562,-7,0.0
1.33285140562,-6,0.0
1.33285140562,-5,0.00866717517789
1.33285140562,-4,0.0531121056542
1.33285140562,-3,0.0764540958205
1.33285140562,-2,0.0775532036164
1.33285140562,-1,0.0555703928265
1.33285140562,0,0.0100013758494
1.33285140562,1,0.0
1.33285140562,2,0.0
1.33285140562,3,0.0
1.33285140562,4,0.0
1.33285140562,5,0.0
1.33285140562,6,0.0
1.33437751004,-7,0.0
1.33437751004,-6,0.0
1.33437751004,-5,0.011944120471
1.33437751004,-4,0.0522060862821
1.33437751004,-3,0.0711977571909
1.33437751004,-2,0.0678439759055
1.33437751004,-1,0.0413645167338
1.33437751004,0,0.0
1.33437751004,1,0.0
1.33437751004,2,0.0
1.33437751004,3,0.0
1.33437751004,4,0.0
1.33437751004,5,0.0
1.33437751004,6,0.0
1.33590361446,-7,0.0
1.33590361446,-6,0.0
1.33590361446,-5,0.0
1.33590361446,-4,0.0143333649084
1.33590361446,-3,0.0504242935126
1.33590361446,-2,0.065094711153
1.33590361446,-1,0.057330403287
1.33590361446,0,0.0264086474454
1.33590361446,1,0.0
1.33590361446,2,0.0
1.33590361446,3,0.0
1.33590361446,4,0.0
1.33590361446,5,0.0
1.33590361446,6,0.0
1.33742971888,-7,0.0
1.33742971888,-6,0.0
1.33742971888,-5,0.0
1.33742971888,-4,0.0158536123772
1.33742971888,-3,0.0477895257528
1.33742971888,-2,0.0581704912296
1.33742971888,-1,0.0460397844158
1.33742971888,0,0.0107315167526
1.33742971888,1,0.0
1.33742971888,2,0.0
1.33742971888,3,0.0
1.33742971888,4,0.0
1.33742971888,5,0.0
1.33742971888,6,0.0
1.33895582329,-7,0.0
1.33895582329,-6,0.0
1.33895582329,-5,0.0
1.33895582329,-4,0.0165241603648
1.33895582329,-3,0.0443247552136
1.33895582329,-2,0.0504504553506
1.33895582329,-1,0.0339990209216
1.33895582329,0,0.0
1.33895582329,1,0.0
1.33895582329,2,0.0
1.33895582329,3,0.0
1.33895582329,4,0.0
1.33895582329,5,0.0
1.33895582329,6,0.0
1.34048192771,-7,0.0
1.34048192771,-6,0.0
1.34048192771,-5,0.0
1.34048192771,-4,0.0163647858463
1.34048192771,-3,0.0400530327172
1.34048192771,-2,0.0419597223018
1.34048192771,-1,0.0212345903874
1.34048192771,0,0.0
1.34048192771,1,0.0
1.34048192771,2,0.0
1.34048192771,3,0.0
1.34048192771,4,0.0
1.34048192771,5,0.0
1.34048192771,6,0.0
1.34200803213,-7,0.0
1.34200803213,-6,0.0
1.34200803213,-5,0.0
1.34200803213,-4,0.0153956377794
1.34200803213,-3,0.0349974016863
1.34200803213,-2,0.032723118104
1.34200803213,-1,0.00777252808109
1.34200803213,0,0.0
1.34200803213,1,0.0
1.34200803213,2,0.0
1.34200803213,3,0.0
1.34200803213,4,0.0
1.34200803213,5,0.0
1.34200803213,6,0.0
1.34353413655,-7,0.0
1.34353413655,-6,0.0
1.34353413655,-5,0.0
1.34353413655,-4,0.0
1.34353413655,-3,0.013637136598
1.34353413655,-2,0.0291808212734
1.34353413655,-1,0.0227651318372
1.34353413655,0,0.0
1.34353413655,1,0.0
1.34353413655,2,0.0
1.34353413655,3,0.0
1.34353413655,4,0.0
1.34353413655,5,0.0
1.34353413655,6,0.0
1.34506024096,-7,0.0
1.34506024096,-6,0.0
1.34506024096,-5,0.0
1.34506024096,-4,0.0
1.34506024096,-3,0.0111098809974
1.34506024096,-2,0.0226260984891
1.34506024096,-1,0.0121098803646
1.34506024096,0,0.0
1.34506024096,1,0.0
1.34506024096,2,0.0
1.34506024096,3,0.0
1.34506024096,4,0.0
1.34506024096,5,0.0
1.34506024096,6,0.0
1.34658634538,-7,0.0
1.34658634538,-6,0.0
1.34658634538,-5,0.0
1.34658634538,-4,0.0
1.34658634538,-3,0.00783456220594
1.34658634538,-2,0.0153558291071
1.34658634538,-1,0.000781081369693
1.34658634538,0,0.0
1.34658634538,1,0.0
1.34658634538,2,0.0
1.34658634538,3,0.0
1.34658634538,4,0.0
1.34658634538,5,0.0
1.34658634538,6,0.0
1.3481124498,-7,0.0
1.3481124498,-6,0.0
1.3481124498,-5,0.0
1.3481124498,-4,0.0
1.3481124498,-3,0.00383188584786
1.3481124498,-2,0.00739234704743
1.3481124498,-1,0.0
1.3481124498,0,0.0
1.3481124498,1,0.0
1.3481124498,2,0.0
1.3481124498,3,0.0
1.3481124498,4,0.0
1.3481124498,5,0.0
1.3481124498,6,0.0
1.34963855422,-7,0.0
1.34963855422,-6,0.0
1.34963855422,-5,0.0
1.34963855422,-4,0.0
1.34963855422,-3,0.0
1.34963855422,-2,0.0
1.34963855422,-1,0.0
1.34963855422,0,0.0
1.34963855422,1,0.0
1.34963855422,2,0.0
1.34963855422,3,0.0
1.34963855422,4,0.0
1.34963855422,5,0.0
1.34963855422,6,0.0
1.35116465863,-7,0.0
1.35116465863,-6,0.0
1.35116465863,-5,0.0
1.35116465863,-4,0.0
1.35116465863,-3,0.0
1.35116465863,-2,0.0
1.35116465863,-1,0.0
1.35116465863,0,0.0
1.35116465863,1,0.0
1.35116465863,2,0.0
1.35116465863,3,0.0
1.35116465863,4,0.0
1.35116465863,5,0.0
1.35116465863,6,0.0
1.35269076305,-7,0.0
1.35269076305,-6,0.0
1.35269076305,-5,0.0
1.35269076305,-4,0.0
1.35269076305,-3,0.0
1.35269076305,-2,0.0
1.35269076305,-1,0.0
1.35269076305,0,0.0
1.35269076305,1,0.0
1.35269076305,2,0.0
1.35269076305,3,0.0
1.35269076305,4,0.0
1.35269076305,5,0.0
1.35269076305,6,0.0
1.35421686747,-7,0.0
1.35421686747,-6,0.0
1.35421686747,-5,0.0
1.35421686747,-4,0.0
1.35421686747,-3,0.0
1.35421686747,-2,0.0
1.35421686747,-1,0.0
1.35421686747,0,0.0
1.35421686747,1,0.0
1.35421686747,2,0.0
1.35421686747,3,0.0
1.35421686747,4,0.0
1.35421686747,5,0.0
1.35421686747,6,0.0
1.35574297189,-7,0.0
1.35574297189,-6,0.0
1.35574297189,-5,0.0
1.35574297189,-4,0.0
1.35574297189,-3,0.0
1.35574297189,-2,0.0
1.35574297189,-1,0.0
1.35574297189,0,0.0
1.35574297189,1,0.0
1.35574297189,2,0.0
1.35574297189,3,0.0
1.35574297189,4,0.0
1.35574297189,5,0.0
1.35574297189,6,0.0
1.35726907631,-7,0.0
1.35726907631,-6,0.0
1.35726907631,-5,0.0
1.35726907631,-4,0.0
1.35726907631,-3,0.0
1.35726907631,-2,0.0
1.35726907631,-1,0.0
1.35726907631,0,0.0
1.35726907631,1,0.0
1.35726907631,2,0.0
1.35726907631,3,0.0
1.35726907631,4,0.0
1.35726907631,5,0.0
1.35726907631,6,0.0
1.35879518072,-7,0.0
1.35879518072,-6,0.0
1.35879518072,-5,0.0
1.35879518072,-4,0.0
1.35879518072,-3,0.0
1.35879518072,-2,0.0
1.35879518072,-1,0.0
1.35879518072,0,0.0
1.35879518072,1,0.0
1.35879518072,2,0.0
1.35879518072,3,0.0
1.35879518072,4,0.0
1.35879518072,5,0.0
1.35879518072,6,0.0
1.36032128514,-7,0.0
1.36032128514,-6,0.0
1.36032128514,-5,0.0
1.36032128514,-4,0.0
1.36032128514,-3,0.0
1.36032128514,-2,0.0
1.36032128514,-1,0.0
1.36032128514,0,0.0
1.36032128514,1,0.0
1.36032128514,2,0.0
1.36032128514,3,0.0
1.36032128514,4,0.0
1.36032128514,5,0.0
1.36032128514,6,0.0
1.36184738956,-7,0.0
1.36184738956,-6,0.0
1.36184738956,-5,0.0
1.36184738956,-4,0.0
1.36184738956,-3,0.0
1.36184738956,-2,0.0
1.36184738956,-1,0.0
1.36184738956,0,0.0
1.36184738956,1,0.0
1.36184738956,2,0.0
1.36184738956,3,0.0
1.36184738956,4,0.0
1.36184738956,5,0.0
1.36184738956,6,0.0
1.36337349398,-7,0.0
1.36337349398,-6,0.0
1.36337349398,-5,0.0
1.36337349398,-4,0.0
1.36337349398,-3,0.0
1.36337349398,-2,0.0
1.36337349398,-1,0.0
1.36337349398,0,0.0
1.36337349398,1,0.0
1.36337349398,2,0.0
1.36337349398,3,0.0
1.36337349398,4,0.0
1.36337349398,5,0.0
1.36337349398,6,0.0
1.36489959839,-7,0.0
1.36489959839,-6,0.0
1.36489959839,-5,0.0
1.36489959839,-4,0.0
1.36489959839,-3,0.0
1.36489959839,-2,0.0
1.36489959839,-1,0.0
1.36489959839,0,0.0
1.36489959839,1,0.0
1.36489959839,2,0.0
1.36489959839,3,0.0
1.36489959839,4,0.0
1.36489959839,5,0.0
1.36489959839,6,0.0
1.36642570281,-7,0.0
1.36642570281,-6,0.0
1.36642570281,-5,0.0
1.36642570281,-4,0.0
1.36642570281,-3,0.0
1.36642570281,-2,0.0
1.36642570281,-1,0.0
1.36642570281,0,0.0
1.36642570281,1,0.0
1.36642570281,2,0.0
1.36642570281,3,0.0
1.36642570281,4,0.0
1.36642570281,5,0.0
1.36642570281,6,0.0
1.36795180723,-7,0.0
1.36795180723,-6,0.0
1.36795180723,-5,0.0
1.36795180723,-4,0.0
1.36795180723,-3,0.0
1.36795180723,-2,0.0
1.36795180723,-1,0.0
1.36795180723,0,0.0
1.36795180723,1,0.0
1.36795180723,2,0.0
1.36795180723,3,0.0
1.36795180723,4,0.0
1.36795180723,5,0.0
1.36795180723,6,0.0
1.36947791165,-7,0.0
1.36947791165,-6,0.0
1.36947791165,-5,0.0
1.36947791165,-4,0.0
1.36947791165,-3,0.0
1.36947791165,-2,0.0
1.36947791165,-1,0.0
1.36947791165,0,0.0
1.36947791165,1,0.0
1.36947791165,2,0.0
1.36947791165,3,0.0
1.36947791165,4,0.0
1.36947791165,5,0.0
1.36947791165,6,0.0
1.37100401606,-7,0.0
1.37100401606,-6,0.0
1.37100401606,-5,0.0
1.37100401606,-4,0.0
1.37100401606,-3,0.0
1.37100401606,-2,0.0
1.37100401606,-1,0.0
1.37100401606,0,0.0
1.37100401606,1,0.0
1.37100401606,2,0.0
1.37100401606,3,0.0
1.37100401606,4,0.0
1.37100401606,5,0.0
1.37100401606,6,0.0
1.37253012048,-7,0.0
1.37253012048,-6,0.0
1.37253012048,-5,0.0
1.37253012048,-4,0.0
1.37253012048,-3,0.0
1.37253012048,-2,0.0
1.37253012048,-1,0.0
1.37253012048,0,0.0
1.37253012048,1,0.0
1.37253012048,2,0.0
1.37253012048,3,0.0
1.37253012048,4,0.0
1.37253012048,5,0.0
1.37253012048,6,0.0
1.3740562249,-7,0.0
1.3740562249,-6,0.0
1.3740562249,-5,0.0
1.3740562249,-4,0.0
1.3740562249,-3,0.0
1.3740562249,-2,0.0
1.3740562249,-1,0.0
1.3740562249,0,0.0
1.3740562249,1,0.0
1.3740562249,2,0.0
1.3740562249,3,0.0
1.3740562249,4,0.0
1.3740562249,5,0.0
1.3740562249,6,0.0
1.37558232932,-7,0.0
1.37558232932,-6,0.0
1.37558232932,-5,0.0
1.37558232932,-4,0.0
1.37558232932,-3,0.0
1.37558232932,-2,0.0
1.37558232932,-1,0.0
1.37558232932,0,0.0
1.37558232932,1,0.0
1.37558232932,2,0.0
1.37558232932,3,0.0
1.37558232932,4,0.0
1.37558232932,5,0.0
1.37558232932,6,0.0
1.37710843373,-7,0.0
1.37710843373,-6,0.0
1.37710843373,-5,0.0
1.37710843373,-4,0.0
1.37710843373,-3,0.0
1.37710843373,-2,0.0
1.37710843373,-1,0.0
1.37710843373,0,0.0
1.37710843373,1,0.0
1.37710843373,2,0.0
1.37710843373,3,0.0
1.37710843373,4,0.0
1.37710843373,5,0.0
1.37710843373,6,0.0
1.37863453815,-7,0.0
1.37863453815,-6,0.0
1.37863453815,-5,0.0
1.37863453815,-4,0.0
1.37863453815,-3,0.0
1.37863453815,-2,0.0
1.37863453815,-1,0.0
1.37863453815,0,0.0
1.37863453815,1,0.0
1.37863453815,2,0.0
1.37863453815,3,0.0
1.37863453815,4,0.0
1.37863453815,5,0.0
1.37863453815,6,0.0
1.38016064257,-7,0.0
1.38016064257,-6,0.0
1.38016064257,-5,0.0
1.38016064257,-4,0.0
1.38016064257,-3,0.0
1.38016064257,-2,0.0
1.38016064257,-1,0.0
1.38016064257,0,0.0
1.38016064257,1,0.0
1.38016064257,2,0.0
1.38016064257,3,0.0
1.38016064257,4,0.0
1.38016064257,5,0.0
1.38016064257,6,0.0
1.38168674699,-7,0.0
1.38168674699,-6,0.0
1.38168674699,-5,0.0
1.38168674699,-4,0.0
1.38168674699,-3,0.0
1.38168674699,-2,0.0
1.38168674699,-1,0.0
1.38168674699,0,0.0
1.38168674699,1,0.0
1.38168674699,2,0.0
1.38168674699,3,0.0
1.38168674699,4,0.0
1.38168674699,5,0.0
1.38168674699,6,0.0
1.38321285141,-7,0.0
1.38321285141,-6,0.0
1.38321285141,-5,0.0
1.38321285141,-4,0.0
1.38321285141,-3,0.0
1.38321285141,-2,0.0
1.38321285141,-1,0.0
1.38321285141,0,0.0
1.38321285141,1,0.0
1.38321285141,2,0.0
1.38321285141,3,0.0
1.38321285141,4,0.0
1.38321285141,5,0.0
1.38321285141,6,0.0
1.38473895582,-7,0.0
1.38473895582,-6,0.0
1.38473895582,-5,0.0
1.38473895582,-4,0.0
1.38473895582,-3,0.0
1.38473895582,-2,0.0
1.38473895582,-1,0.0
1.38473895582,0,0.0
1.38473895582,1,0.0
1.38473895582,2,0.0
1.38473895582,3,0.0
1.38473895582,4,0.0
1.38473895582,5,0.0
1.38473895582,6,0.0
1.38626506024,-7,0.0
1.38626506024,-6,0.0
1.38626506024,-5,0.0
1.38626506024,-4,0.0
1.38626506024,-3,0.0
1.38626506024,-2,0.0
1.38626506024,-1,0.0
1.38626506024,0,0.0
1.38626506024,1,0.0
1.38626506024,2,0.0
1.38626506024,3,0.0
1.38626506024,4,0.0
1.38626506024,5,0.0
1.38626506024,6,0.0
1.38779116466,-7,0.0
1.38779116466,-6,0.0
1.38779116466,-5,0.0
1.38779116466,-4,0.0
1.38779116466,-3,0.0
1.38779116466,-2,0.0
1.38779116466,-1,0.0
1.38779116466,0,0.0
1.38779116466,1,0.0
1.38779116466,2,0.0
1.38779116466,3,0.0
1.38779116466,4,0.0
1.38779116466,5,0.0
1.38779116466,6,0.0
1.38931726908,-7,0.0
1.38931726908,-6,0.0
1.38931726908,-5,0.0
1.38931726908,-4,0.0
1.38931726908,-3,0.0
1.38931726908,-2,0.0
1.38931726908,-1,0.0
1.38931726908,0,0.0
1.38931726908,1,0.0
1.38931726908,2,0.0
1.38931726908,3,0.0
1.38931726908,4,0.0
1.38931726908,5,0.0
1.38931726908,6,0.0
1.39084337349,-7,0.0
1.39084337349,-6,0.0
1.39084337349,-5,0.0
1.39084337349,-4,0.0
1.39084337349,-3,0.0
1.39084337349,-2,0.0
1.39084337349,-1,0.0
1.39084337349,0,0.0
1.39084337349,1,0.0
1.39084337349,2,0.0
1.39084337349,3,0.0
1.39084337349,4,0.0
1.39084337349,5,0.0
1.39084337349,6,0.0
1.39236947791,-7,0.0
1.39236947791,-6,0.0
1.39236947791,-5,0.0
1.39236947791,-4,0.0
1.39236947791,-3,0.0
1.39236947791,-2,0.0
1.39236947791,-1,0.0
1.39236947791,0,0.0
1.39236947791,1,0.0
1.39236947791,2,0.0
1.39236947791,3,0.0
1.39236947791,4,0.0
1.39236947791,5,0.0
1.39236947791,6,0.0
1.39389558233,-7,0.0
1.39389558233,-6,0.0
1.39389558233,-5,0.0
1.39389558233,-4,0.0
1.39389558233,-3,0.0
1.39389558233,-2,0.0
1.39389558233,-1,0.0
1.39389558233,0,0.0
1.39389558233,1,0.0
1.39389558233,2,0.0
1.39389558233,3,0.0
1.39389558233,4,0.0
1.39389558233,5,0.0
1.39389558233,6,0.0
1.39542168675,-7,0.0
1.39542168675,-6,0.0
1.39542168675,-5,0.0
1.39542168675,-4,0.0
1.39542168675,-3,0.0
1.39542168675,-2,0.0
1.39542168675,-1,0.0
1.39542168675,0,0.0
1.39542168675,1,0.0
1.39542168675,2,0.0
1.39542168675,3,0.0
1.39542168675,4,0.0
1.39542168675,5,0.0
1.39542168675,6,0.0
1.39694779116,-7,0.0
1.39694779116,-6,0.0
1.39694779116,-5,0.0
1.39694779116,-4,0.0
1.39694779116,-3,0.0
1.39694779116,-2,0.0
1.39694779116,-1,0.0
1.39694779116,0,0.0
1.39694779116,1,0.0
1.39694779116,2,0.0
1.39694779116,3,0.0
1.39694779116,4,0.0
1.39694779116,5,0.0
1.39694779116,6,0.0
1.39847389558,-7,0.0
1.39847389558,-6,0.0
1.39847389558,-5,0.0
1.39847389558,-4,0.0
1.39847389558,-3,0.0
1.39847389558,-2,0.0
1.39847389558,-1,0.0
1.39847389558,0,0.0
1.39847389558,1,0.0
1.39847389558,2,0.0
1.39847389558,3,0.0
1.39847389558,4,0.0
1.39847389558,5,0.0
1.39847389558,6,0.0
1.4,-7,0.0
1.4,-6,0.0
1.4,-5,0.0
1.4,-4,0.0
1.4,-3,0.0
1.4,-2,0.0
1.4,-1,0.0
1.4,0,0.0
1.4,1,0.0
1.4,2,0.0
1.4,3,0.0
1.4,4,0.0
1.4,5,0.0
1.4,6,0.0
